Ethnic_Group,Departamento,TOWN (MUNICIPIO),CABECERAS  Y CENTROS POBLADOS (TOWNSHIPS AND MICROTOWNSHIPS),NAME OF THE COMMUNITY COUNCIL OR RESERVATION,NAME OF THE PEOPLE,RECOGNITION RESOLUTION,RECOGNITION DATE,LAND TITLE SITUATION,SOURCE (PUBLIC OFFICE OFFERS INFO),TITLING RESOLUTION,DATE TITLED,NUMBER OF FAMILIES,AREA (blocks?),NUMBER OF PEOPLE(CAN THIS BE CONNECTED WITH CENSUS?),,,,,
AFRO,ATLANTICO,BARANOA,,LAS 300,NOT INFORMED,212,11-Oct-17,REQUESTED,"ANT, DACNARP",,,,,,,,,,
INDIGENA,ATLANTICO,BARANOA,,MOKANA DE BARANOA,MOKANA,NOT INFORMED,NOT INFORMED,Information request unanswered,DAIRM,,,,,,,,,,
INDIGENA,ATLANTICO,BARANOA,,(PITAL DE MEGUA),MOKANA,NOT INFORMED,NOT INFORMED,Information request unanswered,DAIRM,,,,,,,,,,
INDIGENA,ATLANTICO,BARANOA,,(SIBARCO),MOKANA,NOT INFORMED,NOT INFORMED,Information request unanswered,DAIRM,,,,,,,,,,
INDIGENA,ATLANTICO,GALAPA,,MOKANA DE GALAPA,MOKANA,NOT INFORMED,NOT INFORMED,Information request unanswered,DAIRM,,,,,,,,,,
AFRO,ATLANTICO,GALAPA,,NELSON MANDELA,NOT INFORMED,NOT INFORMED,NOT INFORMED,REQUESTED,ANT,,,,,,,,,,
AFRO,ATLANTICO,GALAPA,,CONSEJO COMUNITARIO AGROCOLOMBIANO KUSUTO MAGENDE NR,NOT INFORMED,NOT INFORMED,NOT INFORMED,REQUESTED,ANT,,,,,,,,,,
INDIGENA,ATLANTICO,LA CANDELARIA,,Mokana de Malambo,MOKANA,NOT INFORMED,NOT INFORMED,Information request unanswered,DAIRM,,,,,,,,,,
AFRO,ATLANTICO,LURUACO,,ALEJANDRINA MATUTE,NOT INFORMED,NOT INFORMED,NOT INFORMED,REQUESTED,ANT,,,,,,,,,,
AFRO,ATLANTICO,MALAMBO,,PALMAS DE VARELA,NOT INFORMED,NOT INFORMED,NOT INFORMED,REQUESTED,ANT,,,,,,,,,,
AFRO,ATLANTICO,MANATI,,PALMAR DE VARELA,NOT INFORMED,NOT INFORMED,NOT INFORMED,REQUESTED,ANT,,,,,,,,,,
AFRO,ATLANTICO,PALMAR DE VARELA,,SUTOGUE POLO NUEVO AFRO Y ETNICO,NOT INFORMED,NOT INFORMED,NOT INFORMED,REQUESTED,ANT,,,,,,,,,,
AFRO,ATLANTICO,PALMAR DE VARELA,,AFRO PIOJO,NOT INFORMED,NOT INFORMED,NOT INFORMED,REQUESTED,ANT,,,,,,,,,,
INDIGENA,ATLANTICO,POLO NUEVO,,Mokana de Colombia,MOKANA,NOT INFORMED,NOT INFORMED,Information request unanswered,DAIRM,,,,,,,,,,
AFRO,ATLANTICO,PUEBLO NUEVO,,MAGEN DE MI,NOT INFORMED,NOT INFORMED,NOT INFORMED,REQUESTED,ANT,,,,,,,,,,
AFRO,ATLANTICO,PUERTO COLOMBIA,,JUAN DE NOKUTU DE SAN JOSE DE SACO,NOT INFORMED,NOT INFORMED,NOT INFORMED,REQUESTED,ANT,,,,,,,,,,
AFRO,ATLANTICO,REPELON,,KUSUTO ANE JUE,NOT INFORMED,NOT INFORMED,NOT INFORMED,REQUESTED,ANT,,,,,,,,,,
INDIGENA,ATLANTICO,SAN JUAN DE ACOSTA,,BAJO OSTION,MOKANA,NOT INFORMED,NOT INFORMED,Information request unanswered,DAIRM,,,,,,,,,,
INDIGENA,ATLANTICO,SAN JUAN DE ACOSTA,,(CUATRO BOCAS),MOKANA,NOT INFORMED,NOT INFORMED,Information request unanswered,DAIRM,,,,,,,,,,
INDIGENA,ATLANTICO,TUBARA,,(CORRAL DE SAN LUIS),MOKANA,NOT INFORMED,NOT INFORMED,Information request unanswered,DAIRM,,,,,,,,,,
INDIGENA,ATLANTICO,TUBARA,,(MORRO HERMOSO),MOKANA,NOT INFORMED,NOT INFORMED,Information request unanswered,DAIRM,,,,,,,,,,
INDIGENA,ATLANTICO,TUBARA,,(GUAYMARAL),MOKANA,NOT INFORMED,NOT INFORMED,Information request unanswered,DAIRM,,,,,,,,,,
INDIGENA,ATLANTICO,TUBARA,,(JUARUCO),MOKANA,NOT INFORMED,NOT INFORMED,Information request unanswered,DAIRM,,,,,,,,,,
INDIGENA,ATLANTICO,TUBARA,,(PUERTO CAIMAN),MOKANA,NOT INFORMED,NOT INFORMED,Information request unanswered,DAIRM,,,,,,,,,,
INDIGENA,ATLANTICO,TUBARA,,Tubara,MOKANA,NOT INFORMED,NOT INFORMED,Information request unanswered,DAIRM,,,,,,,,,,
AFRO,BOLIVAR,ALTOS DEL ROSARIO,,Alejandro Duran,NOT INFORMED,NOT INFORMED,NOT INFORMED,TITLED,ANT,2451,9/27/2011,142,36.6828,749,,,,,
AFRO,BOLIVAR,ALTOS DEL ROSARIO,"Pabozas, Portugal, Carnales, PuertoRosario, Quebrada Honda, Empujones, Palmar, Carmon, Mimbre","Pabozas, Portugal, Carnales, PuertoRosario, Quebrada Honda, Empujones, Palmar, Carmon, Mimbre",NOT INFORMED,NOT INFORMED,NOT INFORMED,NOT REQUESTED OR REQUEST LOST,DACNARP,,,,,,,,,,
AFRO,BOLIVAR,ARENAL,,"MANARA GARCIA ""MEPO""",NOT INFORMED,NOT INFORMED,NOT INFORMED,REQUESTED,ANT,,,,,,,,,,
AFRO,BOLIVAR,ARENAL,,CACIMA OLAVE ARRINCON AMELA,NOT INFORMED,NOT INFORMED,NOT INFORMED,REQUESTED,ANT,,,,,,,,,,
AFRO,BOLIVAR,ARJONA,SINCERIN,Consejo Comunitario Comunidad Negra de,NOT INFORMED,NOT INFORMED,NOT INFORMED,REQUESTED,ANT,,,,,,,,,,
AFRO,BOLIVAR,ARJONA,ROCHA,Consejo Comunitario Afrocolombiano de Rocha,NOT INFORMED,NOT INFORMED,NOT INFORMED,REQUESTED,ANT,,,,,,,,,,
AFRO,BOLIVAR,ARJONA,PUERTO BADEL,Consejo Comunitario de Puerto Badel,NOT INFORMED,NOT INFORMED,NOT INFORMED,REQUESTED,ANT,,,,,,,,,,
INDIGENA,BOLIVAR,"ARJONA, SAN JUAN NEPOMUCENO, MAHATES",,GAMBOTE,ZENU,NOT INFORMED,NOT INFORMED,Information request unanswered,DAIRM,,,,,,,,,,
AFRO,BOLIVAR,BARRANCO DE LOBA,,LOS PALENQUES,NOT INFORMED,NOT INFORMED,NOT INFORMED,REQUESTED,ANT,,,,,,,,,,
AFRO,BOLIVAR,BARRANCO DE LOBA,,ANTONIO SAJON,NOT INFORMED,NOT INFORMED,NOT INFORMED,REQUESTED,ANT,,,,,,,,,,
AFRO,BOLIVAR,CALAMAR,"HATO VIEJO, Mandigas, Carretal, Paraiso, Las Brisas, Las Yayas","HATO VIEJO, Mandigas, Carretal, Paraiso, Las Brisas, Las Yayas",NOT INFORMED,NOT INFORMED,NOT INFORMED,NOT REQUESTED OR REQUEST LOST,DACNARP,,,,,,,,,,
INDIGENA,BOLIVAR,CARTAGENA DE INDIAS,MEMBRILLAL,Cabildo Indigena Zenu de Membrillal (Caizem),ZENU,NOT INFORMED,NOT INFORMED,Information request unanswered,DAIRM,,,,,,,,,,
AFRO,BOLIVAR,CARTAGENA DE INDIAS,LA BOQUILLA,Consejo Comunitario de la Comunidad Negra de la Boquilla,NOT INFORMED,NOT INFORMED,NOT INFORMED,TITLED,"ANT, DACNARP",467,3/30/2012,2179,39.7028,9372,,,,,
AFRO,BOLIVAR,CARTAGENA DE INDIAS,MANGO DE LA PUA II,Consejo Comunitario Comunidad Negra de,NOT INFORMED,NOT INFORMED,NOT INFORMED,REQUESTED,ANT,,,,,,,,,,
AFRO,BOLIVAR,CARTAGENA DE INDIAS,SANTA CRUZ DEL ISLOTE,SANTA CRUZ DEL ISLOTE,NOT INFORMED,NOT INFORMED,NOT INFORMED,REQUESTED,ANT,,,,,,,,,,
AFRO,BOLIVAR,CARTAGENA DE INDIAS,MANZANILLO DEL MAR,Consejo Comunitario Comunidad Negra de,NOT INFORMED,NOT INFORMED,NOT INFORMED,REQUESTED,ANT,,,,,,,,,,
AFRO,BOLIVAR,CARTAGENA DE INDIAS,LOS OLIVOS,Consejo Comunitario Comunidad Negra de,NOT INFORMED,NOT INFORMED,NOT INFORMED,REQUESTED,ANT,,,,,,,,,,
AFRO,BOLIVAR,CARTAGENA DE INDIAS,ARROYO GRANDE,Consejo Comunitario Comunidad Negra de,NOT INFORMED,NOT INFORMED,NOT INFORMED,REQUESTED,ANT,,,,,,,,,,
AFRO,BOLIVAR,CARTAGENA DE INDIAS,EL RECREO CANAL DEL DIQUE,Consejo Comunitario Comunidad Negra de,NOT INFORMED,NOT INFORMED,NOT INFORMED,REQUESTED,ANT,,,,,,,,,,
AFRO,BOLIVAR,CARTAGENA DE INDIAS,MARLINDA,Consejo Comunitario Comunidad Negra de,NOT INFORMED,NOT INFORMED,NOT INFORMED,REQUESTED,ANT,,,,,,,,,,
AFRO,BOLIVAR,CARTAGENA DE INDIAS,PUERTO REY,Consejo Comunitario Comunidad Negra de,NOT INFORMED,NOT INFORMED,NOT INFORMED,REQUESTED,ANT,,,,,,,,,,
AFRO,BOLIVAR,CARTAGENA DE INDIAS,ARARCA,Consejo comunitario Ararca(r) Isla de Baru,NOT INFORMED,NOT INFORMED,NOT INFORMED,REQUESTED,ANT,,,,,,,,,,
AFRO,BOLIVAR,CARTAGENA DE INDIAS,ARROYO DE LAS CANOAS,Consejo Comunitario Comunidad Negra de,NOT INFORMED,NOT INFORMED,NOT INFORMED,REQUESTED,ANT,,,,,,,,,,
AFRO,BOLIVAR,CARTAGENA DE INDIAS,ARROYODE PIEDRA,Consejo Comunitario Comunidad Negra de,NOT INFORMED,NOT INFORMED,NOT INFORMED,REQUESTED,ANT,,,,,,,,,,
AFRO,BOLIVAR,CARTAGENA DE INDIAS,PASACABALLOS,Consejo Comunitario Comunidad Negra de,NOT INFORMED,NOT INFORMED,NOT INFORMED,REQUESTED,ANT,,,,,,,,,,
AFRO,BOLIVAR,CARTAGENA DE INDIAS,BAYUNCA,Consejo Comunitario Comunidad Negra de,NOT INFORMED,NOT INFORMED,NOT INFORMED,REQUESTED,ANT,,,,,,,,,,
AFRO,BOLIVAR,CARTAGENA DE INDIAS,PONTEZUELA ,ALIANZA CAMPOALEGRE,NOT INFORMED,NOT INFORMED,NOT INFORMED,REQUESTED,ANT,,,,,,,,,,
AFRO,BOLIVAR,CARTAGENA DE INDIAS,PUNTA CANOA,Consejo Comunitario Comunidad Negra de,NOT INFORMED,NOT INFORMED,NOT INFORMED,REQUESTED,ANT,,,,,,,,,,
AFRO,BOLIVAR,CARTAGENA DE INDIAS,TIERRABAJA,Consejo Comunitario Comunidad Negra de Tierrabaja Mi Territorio,NOT INFORMED,NOT INFORMED,NOT INFORMED,TITLED,ANT,369,29/11/2016,357,21.2367,1184,,,,,
AFRO,BOLIVAR,CARTAGENA DE INDIAS,TIERRABOMBA,Consejo Comunitario Comunidad Negra de,NOT INFORMED,NOT INFORMED,NOT INFORMED,REQUESTED,ANT,,,,,,,,,,
AFRO,BOLIVAR,CARTAGENA DE INDIAS,VILLAGLORIA,Consejo Comunitario Comunidad Negra de,NOT INFORMED,NOT INFORMED,NOT INFORMED,REQUESTED,"ANT, DACNARP",,,,,,,,,,
AFRO,BOLIVAR,CARTAGENA DE INDIAS,ISLA FUERTE,Consejo Comunitario Comunidad Negra de,NOT INFORMED,NOT INFORMED,NOT INFORMED,REQUESTED,ANT,,,,,,,,,,
AFRO,BOLIVAR,CARTAGENA DE INDIAS,ISLAS DEL ROSARIO,ORIKA,NOT INFORMED,NOT INFORMED,NOT INFORMED,TITLED,ANT,3393,8/5/2014,319,100.576,1095,,,,,
AFRO,BOLIVAR,CARTAGENA DE INDIAS,ISLOTE DE SAN BERNARDO,Consejo Comunitario Comunidad Negra de,NOT INFORMED,NOT INFORMED,NOT INFORMED,REQUESTED,ANT,,,,,,,,,,
AFRO,BOLIVAR,CARTAGENA DE INDIAS,LETICIA,Consejo Comunitario Comunidad Negra de,NOT INFORMED,NOT INFORMED,NOT INFORMED,REQUESTED,ANT,,,,,,,,,,
AFRO,BOLIVAR,CARTAGENA DE INDIAS,,,NOT INFORMED,NOT INFORMED,NOT INFORMED,NOT REQUESTED OR REQUEST LOST,DACNARP,,,,,,,,,,
AFRO,BOLIVAR,CARTAGENA DE INDIAS,,,NOT INFORMED,NOT INFORMED,NOT INFORMED,NOT REQUESTED OR REQUEST LOST,DACNARP,,,,,,,,,,
AFRO,BOLIVAR,CARTAGENA DE INDIAS,CANO DEL ORO,Consejo comunitario de la comunidad negra de Cano del Oro,NOT INFORMED,NOT INFORMED,NOT INFORMED,TITLED,ANT,1963,12/6/2017,800,94.9474,3400,,,,,
AFRO,BOLIVAR,GUAMO,ROBLES,ROBLES ALMIRANTE PADILLA,NOT INFORMED,NOT INFORMED,NOT INFORMED,REQUESTED,ANT,,,,,,,,,,
AFRO,BOLIVAR,MAHATES,SAN BASILIO DE PALENQUE,MAKANKAMANA,NOT INFORMED,NOT INFORMED,NOT INFORMED,TITLED,ANT,466,3/30/2012,927,3353.9957,5307,,,,,
AFRO,BOLIVAR,MAHATES,GAMERO,Consejo Comunitario Comunidad Negra de,NOT INFORMED,NOT INFORMED,NOT INFORMED,REQUESTED,ANT,,,,,,,,,,
AFRO,BOLIVAR,MARGARITA,,BANTU,NOT INFORMED,NOT INFORMED,NOT INFORMED,REQUESTED,ANT,,,,,,,,,,
INDIGENA,BOLIVAR,MARIALABAJA,RETIRO NUEVO,NUEVO PORVENIR,ZENU,NOT INFORMED,NOT INFORMED,Information request unanswered,DAIRM,,,,,,,,,,
INDIGENA,BOLIVAR,MARIALABAJA,LA PISTA,LA PISTA,ZENU,NOT INFORMED,NOT INFORMED,Information request unanswered,DAIRM,,,,,,,,,,
AFRO,BOLIVAR,MARIALABAJA,"Flamenco, Nispero, Retironuevo, Hormigasa","Flamenco, Nispero, Retironuevo, Hormigasa",NOT INFORMED,NOT INFORMED,NOT INFORMED,NOT REQUESTED OR REQUEST LOST,DACNARP,,,,,,,,,,
AFRO,BOLIVAR,MONTECRISTO,,CONSEJO COMUNITARIO TARACHICA,NOT INFORMED,NOT INFORMED,NOT INFORMED,REQUESTED,ANT,,,,,,,,,,
AFRO,BOLIVAR,MONTECRISTO/ SANTA ROSA,,CC y Comunidades afro del ALTO CARIBONA,NOT INFORMED,NOT INFORMED,NOT INFORMED,REQUESTED,ANT,,,,,,,,,,
AFRO,BOLIVAR,MONTECRISTO/ SANTA ROSA,,CC y Comunidades afro del ALTO CARIBONA,NOT INFORMED,NOT INFORMED,NOT INFORMED,REQUESTED,ANT,,,,,,,,,REQUESTED,DIR. ASUNTOS ETNICOS AGENCIA NACIONAL TIERRAS
AFRO,BOLIVAR,SAN JACINTO,SAN ANTONIO,BENKOS BIOHO,NOT INFORMED,NOT INFORMED,NOT INFORMED,REQUESTED,ANT,,,,,,,,,,
AFRO,BOLIVAR,SAN JACINTO,,ELADIO ARIZA,NOT INFORMED,NOT INFORMED,NOT INFORMED,REQUESTED,ANT,,,,,,,,,,
AFRO,BOLIVAR,SAN JACINTO,,SANTO MADERO DEL PARAISO,NOT INFORMED,NOT INFORMED,NOT INFORMED,REQUESTED,ANT,,,,,,,,,,
AFRO,BOLIVAR,SANTA CATALINA,"SAN CRISTOBAL, Rivero, Solavanda, Arroyo de Matia, Paso de Cana","SAN CRISTOBAL, Rivero, Solavanda, Arroyo de Matia, Paso de Cana",NOT INFORMED,NOT INFORMED,NOT INFORMED,NOT REQUESTED OR REQUEST LOST,DACNARP,,,,,,,,,,
AFRO,BOLIVAR,SANTA CATALINA,AMANZAGUAPOS ,AMANZAGUAPOS ,NOT INFORMED,NOT INFORMED,NOT INFORMED,REQUESTED ,ANT,,,,,,,,,,
AFRO,BOLIVAR,SANTA CATALINA,GALERAZAMBA,GALERAZAMBA,NOT INFORMED,NOT INFORMED,NOT INFORMED,REQUESTED ,ANT,,,,,,,,,,
AFRO,BOLIVAR,SANTA LUCIA,"LOMARENA, PUEBLONUEVO, HOBO, SANTA CATALINA, COLORADO","LOMARENA, PUEBLONUEVO, HOBO, SANTA CATALINA, COLORADO",NOT INFORMED,NOT INFORMED,NOT INFORMED,NOT REQUESTED OR REQUEST LOST,DACNARP,,,,,,,,,,
AFRO,BOLIVAR,SANTA ROSA DEL SUR,,NELSON MANDELA,NOT INFORMED,NOT INFORMED,NOT INFORMED,REQUESTED,ANT,,,,,,,,,,
AFRO,BOLIVAR,TIQUISIO,,GUAMOCO,NOT INFORMED,NOT INFORMED,NOT INFORMED,REQUESTED,ANT,,,,,,,,,,
AFRO,BOLIVAR,TIQUISIO,,CONSEJO COMUNITARIO AFROCOLOMBIANO DE TIQUISIO,NOT INFORMED,NOT INFORMED,NOT INFORMED,REQUESTED,ANT,,,,,,,,,,
AFRO,BOLIVAR,TURBANA,,CC AFRODESCENDIENTE DE LOMAS DE MATUNILLA,NOT INFORMED,NOT INFORMED,NOT INFORMED,REQUESTED,ANT,,,,,,,,,,
AFRO,CESAR,BECERRIL,,JOSE PRUDENCIO PADILLA,NOT INFORMED,1,14-Jan-14,REQUESTED,"ANT, DACNARP",,,,,,,,,,
AFRO,CESAR,CHIMICHAGUA,GUACOCHE,LOS CARDONALES,NOT INFORMED,2,14-Jan-14,REQUESTED,"ANT, DACNARP",,,,,,,,,,
AFRO,CESAR,CHIRIGUANA ,,"ARCILLA, CARDON Y TUNA",NOT INFORMED,3,14-Jan-14,REQUESTED,"ANT, DACNARP",,,,,,,,,,
AFRO,CESAR,CHIRIGUANA/VALLEDUPAR,EL PERRO,CARLOTA REDONDO DE ALVAREZ,NOT INFORMED,5,14-Jan-14,REQUESTED,"ANT, DACNARP",,,,,,,,,,
AFRO,CESAR,CODAZZI,,MANUEL SALVADOR SUAREZ ALMENARES,NOT INFORMED,6,14-Jan-14,REQUESTED,"ANT, DACNARP",,,,,,,,,,
AFRO,CESAR,CODAZZI,LA LOMA DE CALENTURA,JULIO CESAR ALTAMAR MUNOZ,NOT INFORMED,7,1-Jan-14,REQUESTED,"ANT, DACNARP",,,,,,,,,,
AFRO,CESAR,CODAZZI,,MARCELINO OCHOA ALVAREZ CATELO,NOT INFORMED,8,15-Jan-14,REQUESTED,"ANT, DACNARP",,,,,,,,,,
AFRO,CESAR,CODAZZI,,LA PALMITA (COAFROPAL),NOT INFORMED,40,22-May-13,REQUESTED,"ANT, DACNARP",,,,,,,,,,
AFRO,CESAR,COPEY,,Consejo Comunitario de la JAgua de Ibirico (COACNEJA),NOT INFORMED,45,4-Jun-13,REQUESTED,ANT,,,,,,,,,,
INDIGENA,CESAR,EL PASO,,CAMPOALEGRE,"WIWA, ARZARIO",NOT INFORMED,NOT INFORMED,Information request unanswered,DAIRM,,,,,,,,,,
AFRO,CESAR,EL PASO,,AMADA CABAS GUTIERREZ,NOT INFORMED,NOT INFORMED,NOT INFORMED,REQUESTED,ANT,,,,,,,,,,
AFRO,CESAR,EL PASO,,MODESTA GUZMAN,NOT INFORMED,NOT INFORMED,NOT INFORMED,REQUESTED,ANT,,,,,,,,,,
AFRO,CESAR,GAMARRA,,"Consejo Comunitario LA SIERRA, EL CRUCE Y LA ESTACION",NOT INFORMED,NOT INFORMED,NOT INFORMED,REQUESTED,ANT,,,,,,,,,,
AFRO,CESAR,LA JAGUA DE IBIRICO,IBERIA,Consejo Comunitario Vereda Iberia,NOT INFORMED,NOT INFORMED,NOT INFORMED,REQUESTED,ANT,,,,,,,,,,
INDIGENA,CESAR,LA JAGUA DE IBIRICO,,IROKA,YUKPA,NOT INFORMED,NOT INFORMED,Information request unanswered,DAIRM,,,,,,,,,,
INDIGENA,CESAR,LA JAGUA DE IBIRICO,,MENKUE-MISAYA-LA PISTA,YUKPA,NOT INFORMED,NOT INFORMED,Information request unanswered,DAIRM,,,,,,,,,,
INDIGENA,CESAR,LA PALMITA,,SOCORPA,YUKPA,NOT INFORMED,NOT INFORMED,Information request unanswered,DAIRM,,,,,,,,,,
INDIGENA,CESAR,LA PAZ,,ETTE ENAKA CHIMILA,CHIMILA,NOT INFORMED,NOT INFORMED,Information request unanswered,DAIRM,,,,,,,,,,
AFRO,CESAR,LA PAZ,,JULIO CESAR MUNOZ,NOT INFORMED,NOT INFORMED,NOT INFORMED,REQUESTED,ANT,,,,,,,,,,
AFRO,CESAR,LA PAZ,,ALEJO DURAN,NOT INFORMED,NOT INFORMED,NOT INFORMED,REQUESTED,ANT,,,,,,,,,,
AFRO,CESAR,LA PAZ,,MARTIN PESCADOR,NOT INFORMED,NOT INFORMED,NOT INFORMED,REQUESTED,ANT,,,,,,,,,,
AFRO,CESAR,LA PAZ,,Consejo Comunitario Comunidad Afrodescendiente La Palmita,NOT INFORMED,NOT INFORMED,NOT INFORMED,NOT REQUESTED OR REQUEST LOST,DACNARP,,,,,,,,,,
AFRO,CESAR,PUEBLO BELLO,,Consejo comunitario La Victoria de San Isidro (COAFROVIS),NOT INFORMED,NOT INFORMED,NOT INFORMED,REQUESTED,ANT,,,,,,,,,,
INDIGENA,CESAR,VALLEDUPAR,,CANO PADILLA,YUKPA,NOT INFORMED,NOT INFORMED,Information request unanswered,DAIRM,,,,,,,,,,
INDIGENA,CESAR,VALLEDUPAR,,"EL ROSARIO, BELLAVISTA Y YUCATAN",YUKPA,NOT INFORMED,NOT INFORMED,Information request unanswered,DAIRM,,,,,,,,,,
INDIGENA,CESAR,VALLEDUPAR,,LA LAGUNA,YUKPA,NOT INFORMED,NOT INFORMED,Information request unanswered,DAIRM,,,,,,,,,,
INDIGENA,CESAR,VALLEDUPAR,,EL COSO,YUKPA,NOT INFORMED,NOT INFORMED,Information request unanswered,DAIRM,,,,,,,,,,
INDIGENA,CESAR,VALLEDUPAR,,CINCO CAMINOS,YUKPA,NOT INFORMED,NOT INFORMED,Information request unanswered,DAIRM,,,,,,,,,,
AFRO,CESAR,VALLEDUPAR,CARACOLI,Consejo Comunitario Eusebio Ayala de la Comunidad Negra de Caracoli,NOT INFORMED,NOT INFORMED,NOT INFORMED,REQUESTED,ANT,,,,,,,,,,
AFRO,CESAR,VALLEDUPAR,CAMPERUCHO,"JOSE AGUSTIN ALMAN/ AREZ COYANTES ""COCONECAM""",NOT INFORMED,NOT INFORMED,NOT INFORMED,REQUESTED,ANT,,,,,,,,,,
INDIGENA,CESAR,VALLEDUPAR,,ARHUACO DE LA SIERRA NEVADA,ARHUACO,NOT INFORMED,NOT INFORMED,Information request unanswered,DAIRM,,,,,,,,,,
INDIGENA,CESAR,VALLEDUPAR,,ARHUACO DE LA SIERRA NEVADA,ARHUACO,NOT INFORMED,NOT INFORMED,Information request unanswered,DAIRM,,,,,,,,,,
INDIGENA,CESAR,VALLEDUPAR,,(BUSINCHAMA),ARHUACO,NOT INFORMED,NOT INFORMED,Information request unanswered,DAIRM,,,,,,,,,,
INDIGENA,CESAR,VALLEDUPAR,,KANKUAMO,KANKUAMO,NOT INFORMED,NOT INFORMED,Information request unanswered,DAIRM,,,,,,,,,,
INDIGENA,CESAR,"VALLEDUPAR,PUEBLO BELLO",,KOGUI-MALAYO-ARHUACO,KOGUI-MALAYO-ARHUACO,NOT INFORMED,NOT INFORMED,Information request unanswered,DAIRM,,,,,,,,,,
AFRO,CORDOBA,CANALETE,MANUEL ZAPATA OLIVELLA,MANUEL ZAPATA OLIVELLA,NOT INFORMED,2,7-Feb-13,NOT REQUESTED OR REQUEST LOST,DACNARP,,,,,,,,,,
AFRO,CORDOBA,CANALETE,BOCAS DE URE ,(EDUARDO MARCELO),NOT INFORMED,58,11-Jun-13,NOT REQUESTED OR REQUEST LOST,DACNARP,,,,,,,,,,
AFRO,CORDOBA,CERETE,CUENCA DEL RIO BROQUELES,CUENCA DEL RIO BROQUELES,NOT INFORMED,118,23-Sep-13,NOT REQUESTED OR REQUEST LOST,DACNARP,,,,,,,,,,
AFRO,CORDOBA,CERETE,MPUI,CONCOARAPIOS,NOT INFORMED,426,22-Aug-12,NOT REQUESTED OR REQUEST LOST,DACNARP,,,,,,,,,,
INDIGENA,CORDOBA,CHIMA,SAN ANDRES DE SOTAVENTO,SAN ANDRES DE SOTAVENTO,ZENU,NOT INFORMED,NOT INFORMED,Information request unanswered,DAIRM,,,,,,,,,,
INDIGENA,CORDOBA,CHIMA,SAN ANDRES DE SOTAVENTO,DIECISIETE DE JUNIO,ZENU,NOT INFORMED,NOT INFORMED,Information request unanswered,DAIRM,,,,,,,,,,
INDIGENA,CORDOBA,CHIMA,AGUAS VIVAS,AGUAS VIVAS,ZENU,NOT INFORMED,NOT INFORMED,Information request unanswered,DAIRM,,,,,,,,,,
INDIGENA,CORDOBA,CHIMA,EL CONTENTO,El CONTENTO,ZENU,NOT INFORMED,NOT INFORMED,Information request unanswered,DAIRM,,,,,,,,,,
INDIGENA,CORDOBA,CHIMA,,EL CORRAL,ZENU,NOT INFORMED,NOT INFORMED,Information request unanswered,DAIRM,,,,,,,,,,
INDIGENA,CORDOBA,CHIMA,"ALTO SINU, ESMERALDA, CRUZ GRANDE E IWAGADO (HOY EMBERA KATIO DEL ALTO SINU)","ALTO SINU, ESMERALDA, CRUZ GRANDE E IWAGADO (HOY EMBERA KATIO DEL ALTO SINU)",EMBERA KATIO,NOT INFORMED,NOT INFORMED,Information request unanswered,DAIRM,,,,,,,,,,
INDIGENA,CORDOBA,CHIMA,"ALTO SINU, ESMERALDA, CRUZ GRANDE E IWAGADO (HOY EMBERA KATIO DEL ALTO SINU)",DOZA (CRISTO) RIO VERDE,EMBERA KATIO,NOT INFORMED,NOT INFORMED,Information request unanswered,DAIRM,,,,,,,,,,
INDIGENA,CORDOBA,CHIMA,"ALTO SINU, ESMERALDA, CRUZ GRANDE E IWAGADO (HOY EMBERA KATIO DEL ALTO SINU)",TUNDO (FORTUNA) RIO VERDE,EMBERA KATIO,NOT INFORMED,NOT INFORMED,Information request unanswered,DAIRM,,,,,,,,,,
INDIGENA,CORDOBA,CHIMA,"ALTO SINU, ESMERALDA, CRUZ GRANDE E IWAGADO (HOY EMBERA KATIO DEL ALTO SINU)",PAWARANDO (PANICO) RIO VERDE,EMBERA KATIO,NOT INFORMED,NOT INFORMED,Information request unanswered,DAIRM,,,,,,,,,,
INDIGENA,CORDOBA,CHIMA,"ALTO SINU, ESMERALDA, CRUZ GRANDE E IWAGADO (HOY EMBERA KATIO DEL ALTO SINU)",ARIZA (BRIGIDO) RIO VERDE,EMBERA KATIO,NOT INFORMED,NOT INFORMED,Information request unanswered,DAIRM,,,,,,,,,,
INDIGENA,CORDOBA,CHIMA,"ALTO SINU, ESMERALDA, CRUZ GRANDE E IWAGADO (HOY EMBERA KATIO DEL ALTO SINU)",PORREMIA (CHOCO) RIO VERDE,EMBERA KATIO,NOT INFORMED,NOT INFORMED,Information request unanswered,DAIRM,,,,,,,,,,
INDIGENA,CORDOBA,CHIMA,"ALTO SINU, ESMERALDA, CRUZ GRANDE E IWAGADO (HOY EMBERA KATIO DEL ALTO SINU)",IMAMADO (TIGRE) RIO VERDE,EMBERA KATIO,NOT INFORMED,NOT INFORMED,Information request unanswered,DAIRM,,,,,,,,,,
INDIGENA,CORDOBA,CHIMA,"ALTO SINU, ESMERALDA, CRUZ GRANDE E IWAGADO (HOY EMBERA KATIO DEL ALTO SINU)",ZORANDO (ISLETA) RIO VERDE,EMBERA KATIO,NOT INFORMED,NOT INFORMED,Information request unanswered,DAIRM,,,,,,,,,,
INDIGENA,CORDOBA,CHIMA,"ALTO SINU, ESMERALDA, CRUZ GRANDE E IWAGADO (HOY EMBERA KATIO DEL ALTO SINU)",AMBORROMIA SINU,EMBERA KATIO,NOT INFORMED,NOT INFORMED,Information request unanswered,DAIRM,,,,,,,,,,
INDIGENA,CORDOBA,CHIMA,"ALTO SINU, ESMERALDA, CRUZ GRANDE E IWAGADO (HOY EMBERA KATIO DEL ALTO SINU)",NAWA SINU,EMBERA KATIO,NOT INFORMED,NOT INFORMED,Information request unanswered,DAIRM,,,,,,,,,,
INDIGENA,CORDOBA,CHIMA,"ALTO SINU, ESMERALDA, CRUZ GRANDE E IWAGADO (HOY EMBERA KATIO DEL ALTO SINU)",MONGARATATADO (MUTATA) SINU,EMBERA KATIO,NOT INFORMED,NOT INFORMED,Information request unanswered,DAIRM,,,,,,,,,,
INDIGENA,CORDOBA,CHIMA,"ALTO SINU, ESMERALDA, CRUZ GRANDE E IWAGADO (HOY EMBERA KATIO DEL ALTO SINU)",ZAMBUDO (TOTUMA) SINU,EMBERA KATIO,NOT INFORMED,NOT INFORMED,Information request unanswered,DAIRM,,,,,,,,,,
INDIGENA,CORDOBA,CHINU,"ALTO SINU, ESMERALDA, CRUZ GRANDE E IWAGADO (HOY EMBERA KATIO DEL ALTO SINU)",KOREDO (CAIMAN) SINU,EMBERA KATIO,NOT INFORMED,NOT INFORMED,Information request unanswered,DAIRM,,,,,,,,,,
INDIGENA,CORDOBA,CHINU,"ALTO SINU, ESMERALDA, CRUZ GRANDE E IWAGADO (HOY EMBERA KATIO DEL ALTO SINU)",KAPUPUDO (CANDELARIA) SINU,EMBERA KATIO,NOT INFORMED,NOT INFORMED,Information request unanswered,DAIRM,,,,,,,,,,
INDIGENA,CORDOBA,CHINU,"ALTO SINU, ESMERALDA, CRUZ GRANDE E IWAGADO (HOY EMBERA KATIO DEL ALTO SINU)",CHANGARA (SOCORRO) SINU,EMBERA KATIO,NOT INFORMED,NOT INFORMED,Information request unanswered,DAIRM,,,,,,,,,,
INDIGENA,CORDOBA,CHINU,"ALTO SINU, ESMERALDA, CRUZ GRANDE E IWAGADO (HOY EMBERA KATIO DEL ALTO SINU)",KIPARADO (CRUZ GRANDE) QUEBRADA CRUZ GRANDE,EMBERA KATIO,NOT INFORMED,NOT INFORMED,Information request unanswered,DAIRM,,,,,,,,,,
INDIGENA,CORDOBA,CHINU,"ALTO SINU, ESMERALDA, CRUZ GRANDE E IWAGADO (HOY EMBERA KATIO DEL ALTO SINU)","BEGUIDO, ESMERALDA",EMBERA KATIO,NOT INFORMED,NOT INFORMED,Information request unanswered,DAIRM,,,,,,,,,,
INDIGENA,CORDOBA,CHINU,"ALTO SINU, ESMERALDA, CRUZ GRANDE E IWAGADO (HOY EMBERA KATIO DEL ALTO SINU)",KACHICHI (CACHICHI) ESMERALDA,EMBERA KATIO,NOT INFORMED,NOT INFORMED,Information request unanswered,DAIRM,,,,,,,,,,
INDIGENA,CORDOBA,CHINU,"ALTO SINU, ESMERALDA, CRUZ GRANDE E IWAGADO (HOY EMBERA KATIO DEL ALTO SINU)",WIDO SINU ,EMBERA KATIO,NOT INFORMED,NOT INFORMED,Information request unanswered,DAIRM,,,,,,,,,,
INDIGENA,CORDOBA,CHINU,"ALTO SINU, ESMERALDA, CRUZ GRANDE E IWAGADO (HOY EMBERA KATIO DEL ALTO SINU)",KARACARADO (CARACAS)-VERDE,EMBERA KATIO,NOT INFORMED,NOT INFORMED,Information request unanswered,DAIRM,,,,,,,,,,
INDIGENA,CORDOBA,CHINU,"ALTO SINU, ESMERALDA, CRUZ GRANDE E IWAGADO (HOY EMBERA KATIO DEL ALTO SINU)",JUNKARADO (PITA)-ESMERALDA,EMBERA KATIO,NOT INFORMED,NOT INFORMED,Information request unanswered,DAIRM,,,,,,,,,,
INDIGENA,CORDOBA,CHINU,"ALTO SINU, ESMERALDA, CRUZ GRANDE E IWAGADO (HOY EMBERA KATIO DEL ALTO SINU)",KANYIDO (ESMERALDA) ,EMBERA KATIO,NOT INFORMED,NOT INFORMED,Information request unanswered,DAIRM,,,,,,,,,,
INDIGENA,CORDOBA,CHINU,"ALTO SINU, ESMERALDA, CRUZ GRANDE E IWAGADO (HOY EMBERA KATIO DEL ALTO SINU)",ANTADO-MANSO,EMBERA KATIO,NOT INFORMED,NOT INFORMED,Information request unanswered,DAIRM,,,,,,,,,,
INDIGENA,CORDOBA,CHINU,"ALTO SINU, ESMERALDA, CRUZ GRANDE E IWAGADO (HOY EMBERA KATIO DEL ALTO SINU)",CAMPOALEGRE,EMBERA KATIO,NOT INFORMED,NOT INFORMED,Information request unanswered,DAIRM,,,,,,,,,,
INDIGENA,CORDOBA,CHINU,"ALTO SINU, ESMERALDA, CRUZ GRANDE E IWAGADO (HOY EMBERA KATIO DEL ALTO SINU)",NAWA NUEVO-SINU,EMBERA KATIO,NOT INFORMED,NOT INFORMED,Information request unanswered,DAIRM,,,,,,,,,,
INDIGENA,CORDOBA,CHINU,"ALTO SINU, ESMERALDA, CRUZ GRANDE E IWAGADO (HOY EMBERA KATIO DEL ALTO SINU)",NEJODO-SINU,EMBERA KATIO,NOT INFORMED,NOT INFORMED,Information request unanswered,DAIRM,,,,,,,,,,
INDIGENA,CORDOBA,CHINU,"ALTO SINU, ESMERALDA, CRUZ GRANDE E IWAGADO (HOY EMBERA KATIO DEL ALTO SINU)",ESMERALDA-SINU,EMBERA KATIO,NOT INFORMED,NOT INFORMED,Information request unanswered,DAIRM,,,,,,,,,,
INDIGENA,CORDOBA,CHINU,"ALTO SINU, ESMERALDA, CRUZ GRANDE E IWAGADO (HOY EMBERA KATIO DEL ALTO SINU)",CHANCANDO,EMBERA KATIO,NOT INFORMED,NOT INFORMED,Information request unanswered,DAIRM,,,,,,,,,,
INDIGENA,CORDOBA,CHINU,"ALTO SINU, ESMERALDA, CRUZ GRANDE E IWAGADO (HOY EMBERA KATIO DEL ALTO SINU)",KARAKARADO ,EMBERA KATIO,NOT INFORMED,NOT INFORMED,Information request unanswered,DAIRM,,,,,,,,,,
INDIGENA,CORDOBA,CHINU,SAN ANDRES DE SOTAVENTO,ARACHE,ZENU,NOT INFORMED,NOT INFORMED,Information request unanswered,DAIRM,,,,,,,,,,
INDIGENA,CORDOBA,CHINU,LA ARENA,ARENA,ZENU,NOT INFORMED,NOT INFORMED,Information request unanswered,DAIRM,,,,,,,,,,
INDIGENA,CORDOBA,CHINU,,ARENAL,ZENU,NOT INFORMED,NOT INFORMED,Information request unanswered,DAIRM,,,,,,,,,,
INDIGENA,CORDOBA,CHINU,ASERRADERO,ASERRADERO,ZENU,NOT INFORMED,NOT INFORMED,Information request unanswered,DAIRM,,,,,,,,,,
INDIGENA,CORDOBA,CIENAGA DE ORO,BAJO GRANDE,BAJO GRANDE,ZENU,NOT INFORMED,NOT INFORMED,Information request unanswered,DAIRM,,,,,,,,,,
INDIGENA,CORDOBA,CIENAGA DE ORO,BARRO PRIETO,BARRO PRIETO,ZENU,NOT INFORMED,NOT INFORMED,Information request unanswered,DAIRM,,,,,,,,,,
INDIGENA,CORDOBA,CIENAGA DE ORO,BLEO ,BLEO VERDINAL,ZENU,NOT INFORMED,NOT INFORMED,Information request unanswered,DAIRM,,,,,,,,,,
INDIGENA,CORDOBA,CIENAGA DE ORO,BETULIA,BOCON BETULIA,ZENU,NOT INFORMED,NOT INFORMED,Information request unanswered,DAIRM,,,,,,,,,,
INDIGENA,CORDOBA,CIENAGA DE ORO,CACAOTAL,CACAOTAL,ZENU,NOT INFORMED,NOT INFORMED,Information request unanswered,DAIRM,,,,,,,,,,
INDIGENA,CORDOBA,LA APARTADA,,CALLE RALITA,ZENU,NOT INFORMED,NOT INFORMED,Information request unanswered,DAIRM,,,,,,,,,,
INDIGENA,CORDOBA,LORICA,SAN ANDRES DE SOTAVENTO,CAMPO BELLO,ZENU,NOT INFORMED,NOT INFORMED,Information request unanswered,DAIRM,,,,,,,,,,
INDIGENA,CORDOBA,LORICA,,CAPIRRA,ZENU,NOT INFORMED,NOT INFORMED,Information request unanswered,DAIRM,,,,,,,,,,
INDIGENA,CORDOBA,LORICA,,CHIMA URBANO,ZENU,NOT INFORMED,NOT INFORMED,Information request unanswered,DAIRM,,,,,,,,,,
INDIGENA,CORDOBA,LORICA,,CHINU URBANO,ZENU,NOT INFORMED,NOT INFORMED,Information request unanswered,DAIRM,,,,,,,,,,
INDIGENA,CORDOBA,LORICA,SAN ANDRES DE SOTAVENTO,SAN ANDRES DE SOTAVENTO,ZENU,NOT INFORMED,NOT INFORMED,Information request unanswered,DAIRM,,,,,,,,,,
INDIGENA,CORDOBA,LORICA,SAN ANDRES DE SOTAVENTO,ES COMEJEN,ZENU,NOT INFORMED,NOT INFORMED,Information request unanswered,DAIRM,,,,,,,,,,
INDIGENA,CORDOBA,LORICA,BOCAS DE URE,BOCAS DE URE,ZENU,NOT INFORMED,NOT INFORMED,Information request unanswered,DAIRM,,,,,,,,,,
INDIGENA,CORDOBA,LORICA,,"QUEBRADA CANAVERAL, RIO SAN JORGE",EMBERA KATIO,NOT INFORMED,NOT INFORMED,Information request unanswered,DAIRM,,,,,,,,,,
INDIGENA,CORDOBA,MOMIL,BUENOS AIRES ABAJO,BUENOS AIRES ABAJO,ZENU,NOT INFORMED,NOT INFORMED,Information request unanswered,DAIRM,,,,,,,,,,
INDIGENA,CORDOBA,MOMIL,,CARACOLI,ZENU,NOT INFORMED,NOT INFORMED,Information request unanswered,DAIRM,,,,,,,,,,
INDIGENA,CORDOBA,MOMIL,,CENTROAMERICA,ZENU,NOT INFORMED,NOT INFORMED,Information request unanswered,DAIRM,,,,,,,,,,
INDIGENA,CORDOBA,MOMIL,,EL SANTUARIO,ZENU,NOT INFORMED,NOT INFORMED,Information request unanswered,DAIRM,,,,,,,,,,
INDIGENA,CORDOBA,MOMIL,,EL TAMBO,ZENU,NOT INFORMED,NOT INFORMED,Information request unanswered,DAIRM,,,,,,,,,,
INDIGENA,CORDOBA,MOMIL,,GUACARI,ZENU,NOT INFORMED,NOT INFORMED,Information request unanswered,DAIRM,,,,,,,,,,
INDIGENA,CORDOBA,MOMIL,PICA PICA VIEJO,LA LIBERTAD,ZENU,NOT INFORMED,NOT INFORMED,Information request unanswered,DAIRM,,,,,,,,,,
INDIGENA,CORDOBA,MOMIL,,LA LIBORIA,ZENU,NOT INFORMED,NOT INFORMED,Information request unanswered,DAIRM,,,,,,,,,,
INDIGENA,CORDOBA,MONITOS,,LA LUCHA,ZENU,NOT INFORMED,NOT INFORMED,Information request unanswered,DAIRM,,,,,,,,,,
INDIGENA,CORDOBA,MONTELIBANO,,LA UNION MORROCOY,ZENU,NOT INFORMED,NOT INFORMED,Information request unanswered,DAIRM,,,,,,,,,,
INDIGENA,CORDOBA,MONTELIBANO,,LAS FLORES DE CORDOBA Y MARGARITAS,ZENU,NOT INFORMED,NOT INFORMED,Information request unanswered,DAIRM,,,,,,,,,,
INDIGENA,CORDOBA,MONTELIBANO,,MIRAFLOR,ZENU,NOT INFORMED,NOT INFORMED,Information request unanswered,DAIRM,,,,,,,,,,
INDIGENA,CORDOBA,MONTELIBANO,PUERTO NUEVO,PUERTO NUEVO,ZENU,NOT INFORMED,NOT INFORMED,Information request unanswered,DAIRM,,,,,,,,,,
INDIGENA,CORDOBA,MONTELIBANO,PICA PICA,PICA PICA NUEVO,ZENU,NOT INFORMED,NOT INFORMED,Information request unanswered,DAIRM,,,,,,,,,,
INDIGENA,CORDOBA,MONTELIBANO,SANTA FE LAS CLARAS,SANTA FE LAS CLARAS,ZENU,NOT INFORMED,NOT INFORMED,Information request unanswered,DAIRM,,,,,,,,,,
INDIGENA,CORDOBA,PLANETARICA,TORNO ROJO,TORNO ROJO,ZENU,NOT INFORMED,NOT INFORMED,Information request unanswered,DAIRM,,,,,,,,,,
INDIGENA,CORDOBA,PLANETARICA,,VILLA CARMINIA,ZENU,NOT INFORMED,NOT INFORMED,Information request unanswered,DAIRM,,,,,,,,,,
INDIGENA,CORDOBA,PLANETARICA,,SANTA FE ALTO SAN JORGE,ZENU,NOT INFORMED,NOT INFORMED,Information request unanswered,DAIRM,,,,,,,,,,
INDIGENA,CORDOBA,PLANETARICA,,EL BUGRE,ZENU,NOT INFORMED,NOT INFORMED,Information request unanswered,DAIRM,,,,,,,,,,
INDIGENA,CORDOBA,PLANETARICA,EL PITAL,EL PITAL,ZENU,NOT INFORMED,NOT INFORMED,Information request unanswered,DAIRM,,,,,,,,,,
INDIGENA,CORDOBA,PLANETARICA,ESCOBALITO,ESCOBALITO,ZENU,NOT INFORMED,NOT INFORMED,Information request unanswered,DAIRM,,,,,,,,,,
INDIGENA,CORDOBA,PLANETARICA,FLECHAS SEVILLA,FLECHAS SEVILLA,ZENU,NOT INFORMED,NOT INFORMED,Information request unanswered,DAIRM,,,,,,,,,,
INDIGENA,CORDOBA,PLANETARICA,EL HUESO,EL HUESO,ZENU,NOT INFORMED,NOT INFORMED,Information request unanswered,DAIRM,,,,,,,,,,
INDIGENA,CORDOBA,PLANETARICA,LAS LOMAS,LAS LOMAS,ZENU,NOT INFORMED,NOT INFORMED,Information request unanswered,DAIRM,,,,,,,,,,
INDIGENA,CORDOBA,PUEBLO NUEVO,SAN ANDRES DE SOTAVENTO,MALEMBA,ZENU,NOT INFORMED,NOT INFORMED,Information request unanswered,DAIRM,,,,,,,,,,
INDIGENA,CORDOBA,PUEBLO NUEVO,,MOHAN CUATRO VIENTOS,ZENU,NOT INFORMED,NOT INFORMED,Information request unanswered,DAIRM,,,,,,,,,,
INDIGENA,CORDOBA,PUEBLO NUEVO,,MOMIL URBANO,ZENU,NOT INFORMED,NOT INFORMED,Information request unanswered,DAIRM,,,,,,,,,,
INDIGENA,CORDOBA,PUEBLO NUEVO,PALMITAL,PALMITAL,ZENU,NOT INFORMED,NOT INFORMED,Information request unanswered,DAIRM,,,,,,,,,,
INDIGENA,CORDOBA,PUERTO ESCONDIDO,PEREIRA,PEREIRA,ZENU,NOT INFORMED,NOT INFORMED,Information request unanswered,DAIRM,,,,,,,,,,
INDIGENA,CORDOBA,PUERTO ESCONDIDO,,PLANADA VILLERO,ZENU,NOT INFORMED,NOT INFORMED,Information request unanswered,DAIRM,,,,,,,,,,
INDIGENA,CORDOBA,PUERTO LIBERTADOR,EL PORVENIR,EL PORVENIR,ZENU,NOT INFORMED,NOT INFORMED,Information request unanswered,DAIRM,,,,,,,,,,
INDIGENA,CORDOBA,PUERTO LIBERTADOR,RETIRO DE LOS PEREZ,RETIRO DE LOS PEREZ,ZENU,NOT INFORMED,NOT INFORMED,Information request unanswered,DAIRM,,,,,,,,,,
INDIGENA,CORDOBA,PUERTO LIBERTADOR,SACANA ABAJO,SACANA,ZENU,NOT INFORMED,NOT INFORMED,Information request unanswered,DAIRM,,,,,,,,,,
INDIGENA,CORDOBA,PUERTO LIBERTADOR,SABANETA,SABANETA,ZENU,NOT INFORMED,NOT INFORMED,Information request unanswered,DAIRM,,,,,,,,,,
INDIGENA,CORDOBA,PUERTO LIBERTADOR,,SAHAGUN URBANO,ZENU,NOT INFORMED,NOT INFORMED,Information request unanswered,DAIRM,,,,,,,,,,
INDIGENA,CORDOBA,PUERTO LIBERTADOR,SAN ANDRES DE SOTAVENTO,SAN ANDRES DE SOTAVENTO,ZENU,NOT INFORMED,NOT INFORMED,Information request unanswered,DAIRM,,,,,,,,,,
INDIGENA,CORDOBA,PUERTO LIBERTADOR,SAN ANDRES DE SOTAVENTO,ANDES RECUPERACION,ZENU,NOT INFORMED,NOT INFORMED,Information request unanswered,DAIRM,,,,,,,,,,
INDIGENA,CORDOBA,PUERTO LIBERTADOR,SAN ANDRES DE SOTAVENTO,BAJO GRANDE,ZENU,NOT INFORMED,NOT INFORMED,Information request unanswered,DAIRM,,,,,,,,,,
INDIGENA,CORDOBA,PUERTO LIBERTADOR,SAN ANDRES DE SOTAVENTO,SAN ANDRES DE SOTAVENTO,ZENU,NOT INFORMED,NOT INFORMED,Information request unanswered,DAIRM,,,,,,,,,,
INDIGENA,CORDOBA,PUERTO LIBERTADOR,SAN ANDRES DE SOTAVENTO,BARBACOA,ZENU,NOT INFORMED,NOT INFORMED,Information request unanswered,DAIRM,,,,,,,,,,
INDIGENA,CORDOBA,PUERTO LIBERTADOR,SAN ANDRES DE SOTAVENTO,BELLA ISLA,ZENU,NOT INFORMED,NOT INFORMED,Information request unanswered,DAIRM,,,,,,,,,,
INDIGENA,CORDOBA,PUERTO LIBERTADOR,SAN ANDRES DE SOTAVENTO,BELLA VISTA RECUPERACION,ZENU,NOT INFORMED,NOT INFORMED,Information request unanswered,DAIRM,,,,,,,,,,
INDIGENA,CORDOBA,PUERTO LIBERTADOR,SAN ANDRES DE SOTAVENTO,BERLIN,ZENU,NOT INFORMED,NOT INFORMED,Information request unanswered,DAIRM,,,,,,,,,,
INDIGENA,CORDOBA,PUERTO LIBERTADOR,SAN ANDRES DE SOTAVENTO,CARTAGENITA,ZENU,NOT INFORMED,NOT INFORMED,Information request unanswered,DAIRM,,,,,,,,,,
INDIGENA,CORDOBA,PUERTO LIBERTADOR,SAN ANDRES DE SOTAVENTO,CASITAS ARGENTINA,ZENU,NOT INFORMED,NOT INFORMED,Information request unanswered,DAIRM,,,,,,,,,,
INDIGENA,CORDOBA,PUERTO LIBERTADOR,SAN ANDRES DE SOTAVENTO,CELESTE IMPERIO,ZENU,NOT INFORMED,NOT INFORMED,Information request unanswered,DAIRM,,,,,,,,,,
INDIGENA,CORDOBA,PUERTO LIBERTADOR,SAN ANDRES DE SOTAVENTO,CENEGAL,ZENU,NOT INFORMED,NOT INFORMED,Information request unanswered,DAIRM,,,,,,,,,,
INDIGENA,CORDOBA,PUERTO LIBERTADOR,SAN ANDRES DE SOTAVENTO,CERRO VIDALES,ZENU,NOT INFORMED,NOT INFORMED,Information request unanswered,DAIRM,,,,,,,,,,
INDIGENA,CORDOBA,PUERTO LIBERTADOR,SAN ANDRES DE SOTAVENTO,CERRO BOMBA,ZENU,NOT INFORMED,NOT INFORMED,Information request unanswered,DAIRM,,,,,,,,,,
INDIGENA,CORDOBA,PUERTO LIBERTADOR Y MONTELIBANO,SAN ANDRES DE SOTAVENTO,COSTA RICA,ZENU,NOT INFORMED,NOT INFORMED,Information request unanswered,DAIRM,,,,,,,,,,
INDIGENA,CORDOBA,PURISIMA,SAN ANDRES DE SOTAVENTO,CRUZ DEL GUAYABO,ZENU,NOT INFORMED,NOT INFORMED,Information request unanswered,DAIRM,,,,,,,,,,
INDIGENA,CORDOBA,PURISIMA,SAN ANDRES DE SOTAVENTO,CUESTA ABAJO,ZENU,NOT INFORMED,NOT INFORMED,Information request unanswered,DAIRM,,,,,,,,,,
INDIGENA,CORDOBA,PURISIMA,SAN ANDRES DE SOTAVENTO,EL CARMEN,ZENU,NOT INFORMED,NOT INFORMED,Information request unanswered,DAIRM,,,,,,,,,,
INDIGENA,CORDOBA,PURISIMA,SAN ANDRES DE SOTAVENTO,EL MORA ,ZENU,NOT INFORMED,NOT INFORMED,Information request unanswered,DAIRM,,,,,,,,,,
INDIGENA,CORDOBA,PURISIMA,SAN ANDRES DE SOTAVENTO,ESMERALDA NORTE,ZENU,NOT INFORMED,NOT INFORMED,Information request unanswered,DAIRM,,,,,,,,,,
INDIGENA,CORDOBA,PURISIMA,SAN ANDRES DE SOTAVENTO,ESMERALDA SUR,ZENU,NOT INFORMED,NOT INFORMED,Information request unanswered,DAIRM,,,,,,,,,,
INDIGENA,CORDOBA,PURISIMA,SAN ANDRES DE SOTAVENTO,FLECHA,ZENU,NOT INFORMED,NOT INFORMED,Information request unanswered,DAIRM,,,,,,,,,,
INDIGENA,CORDOBA,PURISIMA,SAN ANDRES DE SOTAVENTO,FLORES DE MOCHA,ZENU,NOT INFORMED,NOT INFORMED,Information request unanswered,DAIRM,,,,,,,,,,
INDIGENA,CORDOBA,SAHAGUN,SAN ANDRES DE SOTAVENTO,GARDENIAS,ZENU,NOT INFORMED,NOT INFORMED,Information request unanswered,DAIRM,,,,,,,,,,
INDIGENA,CORDOBA,SAHAGUN,SAN ANDRES DE SOTAVENTO,JEJEN,ZENU,NOT INFORMED,NOT INFORMED,Information request unanswered,DAIRM,,,,,,,,,,
INDIGENA,CORDOBA,SAHAGUN,SAN ANDRES DE SOTAVENTO,GUAYMARAL,ZENU,NOT INFORMED,NOT INFORMED,Information request unanswered,DAIRM,,,,,,,,,,
INDIGENA,CORDOBA,SAHAGUN,SAN ANDRES DE SOTAVENTO,GUAYABO SUR,ZENU,NOT INFORMED,NOT INFORMED,Information request unanswered,DAIRM,,,,,,,,,,
INDIGENA,CORDOBA,SAHAGUN,SAN ANDRES DE SOTAVENTO,GUAYACANES SUR,ZENU,NOT INFORMED,NOT INFORMED,Information request unanswered,DAIRM,,,,,,,,,,
INDIGENA,CORDOBA,SAHAGUN,SAN ANDRES DE SOTAVENTO,LA GLORIA,ZENU,NOT INFORMED,NOT INFORMED,Information request unanswered,DAIRM,,,,,,,,,,
INDIGENA,CORDOBA,SAHAGUN Y CIENAGA DE ORO,SAN ANDRES DE SOTAVENTO,LA SIRIA,ZENU,NOT INFORMED,NOT INFORMED,Information request unanswered,DAIRM,,,,,,,,,,
INDIGENA,CORDOBA,SAHAGUN Y CIENAGA DE ORO,SAN ANDRES DE SOTAVENTO,LA TAMBORA,ZENU,NOT INFORMED,NOT INFORMED,Information request unanswered,DAIRM,,,,,,,,,,
INDIGENA,CORDOBA,SAHAGUN Y SAN MARCOS (SUCRE),SAN ANDRES DE SOTAVENTO,LAS CASITAS SUR,ZENU,NOT INFORMED,NOT INFORMED,Information request unanswered,DAIRM,,,,,,,,,,
INDIGENA,CORDOBA,SAN ANDRES DE SOTAVENTO,SAN ANDRES DE SOTAVENTO,LOS CASTILLOS,ZENU,NOT INFORMED,NOT INFORMED,Information request unanswered,DAIRM,,,,,,,,,,
INDIGENA,CORDOBA,SAN ANDRES DE SOTAVENTO,SAN ANDRES DE SOTAVENTO,LOS CORREA,ZENU,NOT INFORMED,NOT INFORMED,Information request unanswered,DAIRM,,,,,,,,,,
INDIGENA,CORDOBA,SAN ANDRES DE SOTAVENTO,SAN ANDRES DE SOTAVENTO,MAJAGUAL 1,ZENU,NOT INFORMED,NOT INFORMED,Information request unanswered,DAIRM,,,,,,,,,,
INDIGENA,CORDOBA,SAN ANDRES DE SOTAVENTO,SAN ANDRES DE SOTAVENTO,MOLINA,ZENU,NOT INFORMED,NOT INFORMED,Information request unanswered,DAIRM,,,,,,,,,,
INDIGENA,CORDOBA,SAN ANDRES DE SOTAVENTO,SAN ANDRES DE SOTAVENTO,MORA ALEMANIA,ZENU,NOT INFORMED,NOT INFORMED,Information request unanswered,DAIRM,,,,,,,,,,
INDIGENA,CORDOBA,SAN ANDRES DE SOTAVENTO,SAN ANDRES DE SOTAVENTO,NUEVA COLOMBIA,ZENU,NOT INFORMED,NOT INFORMED,Information request unanswered,DAIRM,,,,,,,,,,
INDIGENA,CORDOBA,SAN ANDRES DE SOTAVENTO,SAN ANDRES DE SOTAVENTO,NUEVA FORTUNA,ZENU,NOT INFORMED,NOT INFORMED,Information request unanswered,DAIRM,,,,,,,,,,
INDIGENA,CORDOBA,SAN ANDRES DE SOTAVENTO,SAN ANDRES DE SOTAVENTO,NUEVA VICTORIA,ZENU,NOT INFORMED,NOT INFORMED,Information request unanswered,DAIRM,,,,,,,,,,
INDIGENA,CORDOBA,SAN ANDRES DE SOTAVENTO,SAN ANDRES DE SOTAVENTO,PARAISO,ZENU,NOT INFORMED,NOT INFORMED,Information request unanswered,DAIRM,,,,,,,,,,
INDIGENA,CORDOBA,SAN ANDRES DE SOTAVENTO,SAN ANDRES DE SOTAVENTO,PETACA,ZENU,NOT INFORMED,NOT INFORMED,Information request unanswered,DAIRM,,,,,,,,,,
INDIGENA,CORDOBA,SAN ANDRES DE SOTAVENTO,SAN ANDRES DE SOTAVENTO,SAN FRANCISCO,ZENU,NOT INFORMED,NOT INFORMED,Information request unanswered,DAIRM,,,,,,,,,,
INDIGENA,CORDOBA,SAN ANDRES DE SOTAVENTO,SAN ANDRES DE SOTAVENTO,SAN ISIDRO 1,ZENU,NOT INFORMED,NOT INFORMED,Information request unanswered,DAIRM,,,,,,,,,,
INDIGENA,CORDOBA,SAN ANDRES DE SOTAVENTO,SAN ANDRES DE SOTAVENTO,SAN ISIDRO 2,ZENU,NOT INFORMED,NOT INFORMED,Information request unanswered,DAIRM,,,,,,,,,,
INDIGENA,CORDOBA,SAN ANDRES DE SOTAVENTO,SAN ANDRES DE SOTAVENTO,SAN JUAN DE LA CRUZ,ZENU,NOT INFORMED,NOT INFORMED,Information request unanswered,DAIRM,,,,,,,,,,
INDIGENA,CORDOBA,SAN ANDRES DE SOTAVENTO,SAN ANDRES DE SOTAVENTO,SANTA ISABEL NORTE,ZENU,NOT INFORMED,NOT INFORMED,Information request unanswered,DAIRM,,,,,,,,,,
INDIGENA,CORDOBA,SAN ANDRES DE SOTAVENTO,SAN ANDRES DE SOTAVENTO,SANTA ISABEL SUR,ZENU,NOT INFORMED,NOT INFORMED,Information request unanswered,DAIRM,,,,,,,,,,
INDIGENA,CORDOBA,SAN ANDRES DE SOTAVENTO,SAN ANDRES DE SOTAVENTO,TOLIMA,ZENU,NOT INFORMED,NOT INFORMED,Information request unanswered,DAIRM,,,,,,,,,,
INDIGENA,CORDOBA,SAN ANDRES DE SOTAVENTO,SAN ANDRES DE SOTAVENTO,VENECIA,ZENU,NOT INFORMED,NOT INFORMED,Information request unanswered,DAIRM,,,,,,,,,,
INDIGENA,CORDOBA,SAN ANDRES DE SOTAVENTO,SAN ANDRES DE SOTAVENTO,VIDALITO,ZENU,NOT INFORMED,NOT INFORMED,Information request unanswered,DAIRM,,,,,,,,,,
INDIGENA,CORDOBA,SAN ANDRES DE SOTAVENTO,SAN ANDRES DE SOTAVENTO,SAN ANTONIO DE TACHIRA,ZENU,NOT INFORMED,NOT INFORMED,Information request unanswered,DAIRM,,,,,,,,,,
INDIGENA,CORDOBA,SAN ANDRES DE SOTAVENTO,LOS VENADOS,LOS VENADOS,ZENU,NOT INFORMED,NOT INFORMED,Information request unanswered,DAIRM,,,,,,,,,,
INDIGENA,CORDOBA,SAN ANDRES DE SOTAVENTO,,SAN BENITO,ZENU,NOT INFORMED,NOT INFORMED,Information request unanswered,DAIRM,,,,,,,,,,
INDIGENA,CORDOBA,SAN ANDRES DE SOTAVENTO,,ARROYO DEL MEDIO,ZENU,NOT INFORMED,NOT INFORMED,Information request unanswered,DAIRM,,,,,,,,,,
INDIGENA,CORDOBA,SAN ANDRES DE SOTAVENTO,,SAN GREGORIO,ZENU,NOT INFORMED,NOT INFORMED,Information request unanswered,DAIRM,,,,,,,,,,
INDIGENA,CORDOBA,SAN ANDRES DE SOTAVENTO,,SAN JOSE CERRO MOHAN,ZENU,NOT INFORMED,NOT INFORMED,Information request unanswered,DAIRM,,,,,,,,,,
INDIGENA,CORDOBA,SAN ANDRES DE SOTAVENTO,,SAN JOSE LA JULIA,ZENU,NOT INFORMED,NOT INFORMED,Information request unanswered,DAIRM,,,,,,,,,,
INDIGENA,CORDOBA,SAN ANDRES DE SOTAVENTO,,SAN JUAN DE LAS PALMAS,ZENU,NOT INFORMED,NOT INFORMED,Information request unanswered,DAIRM,,,,,,,,,,
INDIGENA,CORDOBA,SAN ANDRES DE SOTAVENTO,SANTA CRUZ DE LORICA,SANTA CRUZ DE LORICA URBANO,ZENU,NOT INFORMED,NOT INFORMED,Information request unanswered,DAIRM,,,,,,,,,,
INDIGENA,CORDOBA,SAN ANDRES DE SOTAVENTO,,SANTANDER DE LA CRUZ,ZENU,NOT INFORMED,NOT INFORMED,Information request unanswered,DAIRM,,,,,,,,,,
INDIGENA,CORDOBA,SAN ANDRES DE SOTAVENTO,SAN ANDRES DE SOTAVENTO,SANTERO,ZENU,NOT INFORMED,NOT INFORMED,Information request unanswered,DAIRM,,,,,,,,,,
INDIGENA,CORDOBA,SAN ANDRES DE SOTAVENTO,,SITIONUEVO,ZENU,NOT INFORMED,NOT INFORMED,Information request unanswered,DAIRM,,,,,,,,,,
INDIGENA,CORDOBA,SAN ANDRES DE SOTAVENTO,,SITIONUEVO,ZENU,NOT INFORMED,NOT INFORMED,Information request unanswered,DAIRM,,,,,,,,,,
INDIGENA,CORDOBA,SAN ANDRES DE SOTAVENTO,,TAMARINDO,ZENU,NOT INFORMED,NOT INFORMED,Information request unanswered,DAIRM,,,,,,,,,,
INDIGENA,CORDOBA,SAN ANDRES DE SOTAVENTO,SAN ANDRES DE SOTAVENTO,TAMBOR,ZENU,NOT INFORMED,NOT INFORMED,Information request unanswered,DAIRM,,,,,,,,,,
INDIGENA,CORDOBA,SAN ANDRES DE SOTAVENTO,TREMENTINO,TREMENTINO,ZENU,NOT INFORMED,NOT INFORMED,Information request unanswered,DAIRM,,,,,,,,,,
INDIGENA,CORDOBA,SAN ANDRES DE SOTAVENTO,,TUCHIN URBANO,ZENU,NOT INFORMED,NOT INFORMED,Information request unanswered,DAIRM,,,,,,,,,,
INDIGENA,CORDOBA,SAN ANDRES DE SOTAVENTO,,SAN ANTERO URBANO,ZENU,NOT INFORMED,NOT INFORMED,Information request unanswered,DAIRM,,,,,,,,,,
INDIGENA,CORDOBA,SAN ANDRES DE SOTAVENTO,,VENECIA,ZENU,NOT INFORMED,NOT INFORMED,Information request unanswered,DAIRM,,,,,,,,,,
INDIGENA,CORDOBA,SAN ANDRES DE SOTAVENTO,VILLA FATIMA,VILLA FATIMA,ZENU,NOT INFORMED,NOT INFORMED,Information request unanswered,DAIRM,,,,,,,,,,
INDIGENA,CORDOBA,SAN ANDRES DE SOTAVENTO,,PUENTE URE,ZENU,NOT INFORMED,NOT INFORMED,Information request unanswered,DAIRM,,,,,,,,,,
INDIGENA,CORDOBA,SAN ANDRES DE SOTAVENTO,ALMENDRO,ALMENDRO,ZENU,NOT INFORMED,NOT INFORMED,Information request unanswered,DAIRM,,,,,,,,,,
INDIGENA,CORDOBA,SAN ANDRES DE SOTAVENTO,LOMA DE PIEDRA,LOMA DE PIEDRA,ZENU,NOT INFORMED,NOT INFORMED,Information request unanswered,DAIRM,,,,,,,,,,
INDIGENA,CORDOBA,SAN ANDRES DE SOTAVENTO,PROVIDENCIA,PROVIDENCIA,ZENU,NOT INFORMED,NOT INFORMED,Information request unanswered,DAIRM,,,,,,,,,,
INDIGENA,CORDOBA,SAN ANDRES DE SOTAVENTO,PURISIMA,PURISIMA,ZENU,NOT INFORMED,NOT INFORMED,Information request unanswered,DAIRM,,,,,,,,,,
INDIGENA,CORDOBA,SAN ANDRES DE SOTAVENTO,,SAN ANDRES DE SOTAVENTO URBANO,ZENU,NOT INFORMED,NOT INFORMED,Information request unanswered,DAIRM,,,,,,,,,,
INDIGENA,CORDOBA,SAN ANDRES DE SOTAVENTO,,ALTA RIVERA ROMA,ZENU,NOT INFORMED,NOT INFORMED,Information request unanswered,DAIRM,,,,,,,,,,
INDIGENA,CORDOBA,SAN ANDRES DE SOTAVENTO,,BAJO NORTE,ZENU,NOT INFORMED,NOT INFORMED,Information request unanswered,DAIRM,,,,,,,,,,
INDIGENA,CORDOBA,SAN ANDRES DE SOTAVENTO,,BAJO PALMITAL,ZENU,NOT INFORMED,NOT INFORMED,Information request unanswered,DAIRM,,,,,,,,,,
INDIGENA,CORDOBA,SAN ANDRES DE SOTAVENTO,,EL BRILLANTE NORTE,ZENU,NOT INFORMED,NOT INFORMED,Information request unanswered,DAIRM,,,,,,,,,,
INDIGENA,CORDOBA,SAN ANDRES DE SOTAVENTO,,CALLE LARGA,ZENU,NOT INFORMED,NOT INFORMED,Information request unanswered,DAIRM,,,,,,,,,,
INDIGENA,CORDOBA,SAN ANDRES DE SOTAVENTO,EL CONTENTO,EL CONTENTO,ZENU,NOT INFORMED,NOT INFORMED,Information request unanswered,DAIRM,,,,,,,,,,
INDIGENA,CORDOBA,SAN ANDRES DE SOTAVENTO,EL BANCO,EL BANCO,ZENU,NOT INFORMED,NOT INFORMED,Information request unanswered,DAIRM,,,,,,,,,,
INDIGENA,CORDOBA,SAN ANDRES DE SOTAVENTO,,EL MAMON,ZENU,NOT INFORMED,NOT INFORMED,Information request unanswered,DAIRM,,,,,,,,,,
INDIGENA,CORDOBA,SAN ANDRES DE SOTAVENTO,,EL PEINE,ZENU,NOT INFORMED,NOT INFORMED,Information request unanswered,DAIRM,,,,,,,,,,
INDIGENA,CORDOBA,SAN ANDRES DE SOTAVENTO,,LOS GAVIRIA,ZENU,NOT INFORMED,NOT INFORMED,Information request unanswered,DAIRM,,,,,,,,,,
INDIGENA,CORDOBA,SAN ANDRES DE SOTAVENTO,,PALMAS VERDES,ZENU,NOT INFORMED,NOT INFORMED,Information request unanswered,DAIRM,,,,,,,,,,
INDIGENA,CORDOBA,SAN ANDRES DE SOTAVENTO,,PALMITO SUR,ZENU,NOT INFORMED,NOT INFORMED,Information request unanswered,DAIRM,,,,,,,,,,
INDIGENA,CORDOBA,SAN ANDRES DE SOTAVENTO,,PATIOBONITO NORTE,ZENU,NOT INFORMED,NOT INFORMED,Information request unanswered,DAIRM,,,,,,,,,,
INDIGENA,CORDOBA,SAN ANDRES DE SOTAVENTO,,PATIOBONITO SUR,ZENU,NOT INFORMED,NOT INFORMED,Information request unanswered,DAIRM,,,,,,,,,,
INDIGENA,CORDOBA,SAN ANDRES DE SOTAVENTO,,PLAZA BONITA,ZENU,NOT INFORMED,NOT INFORMED,Information request unanswered,DAIRM,,,,,,,,,,
INDIGENA,CORDOBA,SAN ANDRES DE SOTAVENTO,,BELLAVISTA,ZENU,NOT INFORMED,NOT INFORMED,Information request unanswered,DAIRM,,,,,,,,,,
INDIGENA,CORDOBA,SAN ANDRES DE SOTAVENTO,,CALLE DEL MEDIO,ZENU,NOT INFORMED,NOT INFORMED,Information request unanswered,DAIRM,,,,,,,,,,
INDIGENA,CORDOBA,SAN ANDRES DE SOTAVENTO,,CARRETAL,ZENU,NOT INFORMED,NOT INFORMED,Information request unanswered,DAIRM,,,,,,,,,,
INDIGENA,CORDOBA,SAN ANDRES DE SOTAVENTO,,CASTILLERAL,ZENU,NOT INFORMED,NOT INFORMED,Information request unanswered,DAIRM,,,,,,,,,,
INDIGENA,CORDOBA,SAN ANDRES DE SOTAVENTO,,CERRO DE PAJA,ZENU,NOT INFORMED,NOT INFORMED,Information request unanswered,DAIRM,,,,,,,,,,
INDIGENA,CORDOBA,SAN ANDRES DE SOTAVENTO,,CRUZ CHIQUITA,ZENU,NOT INFORMED,NOT INFORMED,Information request unanswered,DAIRM,,,,,,,,,,
INDIGENA,CORDOBA,SAN ANDRES DE SOTAVENTO,,EL PINAL,ZENU,NOT INFORMED,NOT INFORMED,Information request unanswered,DAIRM,,,,,,,,,,
INDIGENA,CORDOBA,SAN ANDRES DE SOTAVENTO,,LOVERAN,ZENU,NOT INFORMED,NOT INFORMED,Information request unanswered,DAIRM,,,,,,,,,,
INDIGENA,CORDOBA,SAN ANDRES DE SOTAVENTO,,MATA DE CANA,ZENU,NOT INFORMED,NOT INFORMED,Information request unanswered,DAIRM,,,,,,,,,,
INDIGENA,CORDOBA,SAN ANDRES DE SOTAVENTO,,NUEVA ESPERANZA,ZENU,NOT INFORMED,NOT INFORMED,Information request unanswered,DAIRM,,,,,,,,,,
INDIGENA,CORDOBA,SAN ANDRES DE SOTAVENTO,,NUEVA ESTACION,ZENU,NOT INFORMED,NOT INFORMED,Information request unanswered,DAIRM,,,,,,,,,,
INDIGENA,CORDOBA,SAN ANDRES DE SOTAVENTO,,NUEVA ESTRELLA,ZENU,NOT INFORMED,NOT INFORMED,Information request unanswered,DAIRM,,,,,,,,,,
INDIGENA,CORDOBA,SAN ANDRES DE SOTAVENTO,,SABANA COSTA,ZENU,NOT INFORMED,NOT INFORMED,Information request unanswered,DAIRM,,,,,,,,,,
INDIGENA,CORDOBA,SAN ANTERO,,EL ROSARIO DE PLAZA BONITA,ZENU,NOT INFORMED,NOT INFORMED,Information request unanswered,DAIRM,,,,,,,,,,
INDIGENA,CORDOBA,SAN ANTERO,,EL REDENTOR DEL MARANONAL,ZENU,NOT INFORMED,NOT INFORMED,Information request unanswered,DAIRM,,,,,,,,,,
INDIGENA,CORDOBA,SAN ANTERO,,SAN JUAN DE DIOS DE LAS PELONAS,ZENU,NOT INFORMED,NOT INFORMED,Information request unanswered,DAIRM,,,,,,,,,,
INDIGENA,CORDOBA,SAN ANTERO,SAN ANDRES DE SOTAVENTO,SABANA COSTA,ZENU,NOT INFORMED,NOT INFORMED,Information request unanswered,DAIRM,,,,,,,,,,
INDIGENA,CORDOBA,SAN ANTERO,SAN ANDRES DE SOTAVENTO,SITIOVIEJO,ZENU,NOT INFORMED,NOT INFORMED,Information request unanswered,DAIRM,,,,,,,,,,
INDIGENA,CORDOBA,SAN JOSE DE URE,SAN ANDRES DE SOTAVENTO,COROZALITO,ZENU,NOT INFORMED,NOT INFORMED,Information request unanswered,DAIRM,,,,,,,,,,
INDIGENA,CORDOBA,SAN JOSE DE URE,SAN ANDRES DE SOTAVENTO,BOCA DE CATABRE,ZENU,NOT INFORMED,NOT INFORMED,Information request unanswered,DAIRM,,,,,,,,,,
INDIGENA,CORDOBA,SAN JOSE DE URE,SAN ANDRES DE SOTAVENTO,SANTO DOMINGO,ZENU,NOT INFORMED,NOT INFORMED,Information request unanswered,DAIRM,,,,,,,,,,
INDIGENA,CORDOBA,SAN JOSE DE URE,SAN ANDRES DE SOTAVENTO,PIMENTAL,ZENU,NOT INFORMED,NOT INFORMED,Information request unanswered,DAIRM,,,,,,,,,,
INDIGENA,CORDOBA,SAN JOSE DE URE,SAN ANDRES DE SOTAVENTO,LAS MARIAS,ZENU,NOT INFORMED,NOT INFORMED,Information request unanswered,DAIRM,,,,,,,,,,
INDIGENA,CORDOBA,SAN JOSE DE URE,SAN ANDRES DE SOTAVENTO,PUNTA VERDE,ZENU,NOT INFORMED,NOT INFORMED,Information request unanswered,DAIRM,,,,,,,,,,
INDIGENA,CORDOBA,SAN JOSE DE URE,SAN ANDRES DE SOTAVENTO,CAROLINA,ZENU,NOT INFORMED,NOT INFORMED,Information request unanswered,DAIRM,,,,,,,,,,
INDIGENA,CORDOBA,SAN JOSE DE URE,,LOS ANGELES,ZENU,NOT INFORMED,NOT INFORMED,Information request unanswered,DAIRM,,,,,,,,,,
INDIGENA,CORDOBA,TIERRALTA,,CAFE PISAO,ZENU,NOT INFORMED,NOT INFORMED,Information request unanswered,DAIRM,,,,,,,,,,
INDIGENA,CORDOBA,TIERRALTA ITUANGO,,SAN CARLOS,ZENU,NOT INFORMED,NOT INFORMED,Information request unanswered,DAIRM,,,,,,,,,,
INDIGENA,CORDOBA,TIERRALTA ITUANGO,TRES MARIA,TRES MARIAS,ZENU,NOT INFORMED,NOT INFORMED,Information request unanswered,DAIRM,,,,,,,,,,
INDIGENA,CORDOBA,TIERRALTA ITUANGO,,MARTIN ROQUEME,ZENU,NOT INFORMED,NOT INFORMED,Information request unanswered,DAIRM,,,,,,,,,,
INDIGENA,CORDOBA,TIERRALTA ITUANGO,,TUCHINCITO,ZENU,NOT INFORMED,NOT INFORMED,Information request unanswered,DAIRM,,,,,,,,,,
INDIGENA,CORDOBA,TIERRALTA ITUANGO,,TEVIS,ZENU,NOT INFORMED,NOT INFORMED,Information request unanswered,DAIRM,,,,,,,,,,
INDIGENA,CORDOBA,TIERRALTA ITUANGO,,PUNTA VERDE,ZENU,NOT INFORMED,NOT INFORMED,Information request unanswered,DAIRM,,,,,,,,,,
INDIGENA,CORDOBA,TIERRALTA ITUANGO,,UNION MATOSO,ZENU,NOT INFORMED,NOT INFORMED,Information request unanswered,DAIRM,,,,,,,,,,
INDIGENA,CORDOBA,TIERRALTA ITUANGO,,CANAVERAL,ZENU,NOT INFORMED,NOT INFORMED,Information request unanswered,DAIRM,,,,,,,,,,
INDIGENA,CORDOBA,TIERRALTA ITUANGO,,EL MAIZAL,ZENU,NOT INFORMED,NOT INFORMED,Information request unanswered,DAIRM,,,,,,,,,,
INDIGENA,CORDOBA,TIERRALTA ITUANGO,SAN SEBASTIAN,FINZENU DE SAN SEBASTIAN,ZENU,NOT INFORMED,NOT INFORMED,Information request unanswered,DAIRM,,,,,,,,,,
INDIGENA,CORDOBA,TIERRALTA ITUANGO,San Nicolás De Barí,San Nicolás De Barí,ZENU,NOT INFORMED,NOT INFORMED,Information request unanswered,DAIRM,,,,,,,,,,
INDIGENA,CORDOBA,TIERRALTA ITUANGO,,EL VOLAO-LAS ESTANCIAS,ZENU,NOT INFORMED,NOT INFORMED,Information request unanswered,DAIRM,,,,,,,,,,
INDIGENA,CORDOBA,TIERRALTA ITUANGO,,NUEVO CAMPOALEGRE,ZENU,NOT INFORMED,NOT INFORMED,Information request unanswered,DAIRM,,,,,,,,,,
INDIGENA,CORDOBA,TIERRALTA ITUANGO,,EL CAMPANO DE LOS INDIOS,ZENU,NOT INFORMED,NOT INFORMED,Information request unanswered,DAIRM,,,,,,,,,,
INDIGENA,CORDOBA,TIERRALTA ITUANGO,EL CARITO,EL CARITO,ZENU,NOT INFORMED,NOT INFORMED,Information request unanswered,DAIRM,,,,,,,,,,
INDIGENA,CORDOBA,TIERRALTA ITUANGO,,VEREDA NUEVA ESPERANZA,ZENU,NOT INFORMED,NOT INFORMED,Information request unanswered,DAIRM,,,,,,,,,,
INDIGENA,CORDOBA,TIERRALTA ITUANGO,EL TIGRE,EL TIGRE,ZENU,NOT INFORMED,NOT INFORMED,Information request unanswered,DAIRM,,,,,,,,,,
INDIGENA,CORDOBA,TIERRALTA ITUANGO,Raicero,Raicero,ZENU,NOT INFORMED,NOT INFORMED,Information request unanswered,DAIRM,,,,,,,,,,
INDIGENA,CORDOBA,TIERRALTA ITUANGO,,LOS ALGARROBOS,ZENU,NOT INFORMED,NOT INFORMED,Information request unanswered,DAIRM,,,,,,,,,,
INDIGENA,CORDOBA,TIERRALTA ITUANGO,TERMOELECTRICA,TERMOELECTRICA,ZENU,NOT INFORMED,NOT INFORMED,Information request unanswered,DAIRM,,,,,,,,,,
INDIGENA,CORDOBA,TIERRALTA ITUANGO,PAJONAL,SAN MATEO,ZENU,NOT INFORMED,NOT INFORMED,Information request unanswered,DAIRM,,,,,,,,,,
INDIGENA,CORDOBA,TIERRALTA ITUANGO,,CHORRILLO,ZENU,NOT INFORMED,NOT INFORMED,Information request unanswered,DAIRM,,,,,,,,,,
INDIGENA,CORDOBA,TIERRALTA ITUANGO,,SANTA ROSA,ZENU,NOT INFORMED,NOT INFORMED,Information request unanswered,DAIRM,,,,,,,,,,
INDIGENA,CORDOBA,TIERRALTA ITUANGO,,NUEVO ORIENTE,ZENU,NOT INFORMED,NOT INFORMED,Information request unanswered,DAIRM,,,,,,,,,,
INDIGENA,CORDOBA,TIERRALTA ITUANGO,,BECARPIGAR,ZENU,NOT INFORMED,NOT INFORMED,Information request unanswered,DAIRM,,,,,,,,,,
INDIGENA,CORDOBA,TIERRALTA ITUANGO,,SANTA CLARA,ZENU,NOT INFORMED,NOT INFORMED,Information request unanswered,DAIRM,,,,,,,,,,
INDIGENA,CORDOBA,TIERRALTA ITUANGO,,EL PORVENIR,ZENU,NOT INFORMED,NOT INFORMED,Information request unanswered,DAIRM,,,,,,,,,,
INDIGENA,CORDOBA,TIERRALTA ITUANGO,,LAS PALOMAS EL OLIVO,ZENU,NOT INFORMED,NOT INFORMED,Information request unanswered,DAIRM,,,,,,,,,,
INDIGENA,CORDOBA,TIERRALTA ITUANGO,,PISA BONITO,ZENU,NOT INFORMED,NOT INFORMED,Information request unanswered,DAIRM,,,,,,,,,,
INDIGENA,CORDOBA,TUCHIN,,NUEVA VIDA,ZENU,NOT INFORMED,NOT INFORMED,Information request unanswered,DAIRM,,,,,,,,,,
INDIGENA,CORDOBA,TUCHIN,,LA LAGUNA,ZENU,NOT INFORMED,NOT INFORMED,Information request unanswered,DAIRM,,,,,,,,,,
INDIGENA,CORDOBA,TUCHIN,,PIJIGUAY,ZENU,NOT INFORMED,NOT INFORMED,Information request unanswered,DAIRM,,,,,,,,,,
INDIGENA,CORDOBA,TUCHIN,,BELEN,ZENU,NOT INFORMED,NOT INFORMED,Information request unanswered,DAIRM,,,,,,,,,,
INDIGENA,CORDOBA,TUCHIN,,EL CARMEN DE PETACA,ZENU,NOT INFORMED,NOT INFORMED,Information request unanswered,DAIRM,,,,,,,,,,
INDIGENA,CORDOBA,TUCHIN,,EL BRILLANTE LA BALASTRERA,ZENU,NOT INFORMED,NOT INFORMED,Information request unanswered,DAIRM,,,,,,,,,,
INDIGENA,CORDOBA,TUCHIN,,ANDES NORTE,ZENU,NOT INFORMED,NOT INFORMED,Information request unanswered,DAIRM,,,,,,,,,,
INDIGENA,CORDOBA,TUCHIN,,GUAYACANES NORTE,ZENU,NOT INFORMED,NOT INFORMED,Information request unanswered,DAIRM,,,,,,,,,,
INDIGENA,CORDOBA,TUCHIN,,EL ROBLE,ZENU,NOT INFORMED,NOT INFORMED,Information request unanswered,DAIRM,,,,,,,,,,
INDIGENA,CORDOBA,TUCHIN,,CERRITO DE TAMARINDO,ZENU,NOT INFORMED,NOT INFORMED,Information request unanswered,DAIRM,,,,,,,,,,
INDIGENA,CORDOBA,TUCHIN,,ARAUCA,ZENU,NOT INFORMED,NOT INFORMED,Information request unanswered,DAIRM,,,,,,,,,,
INDIGENA,CORDOBA,TUCHIN,,SANTO DOMINGO,ZENU,NOT INFORMED,NOT INFORMED,Information request unanswered,DAIRM,,,,,,,,,,
INDIGENA,CORDOBA,TUCHIN,,MOMPOX,ZENU,NOT INFORMED,NOT INFORMED,Information request unanswered,DAIRM,,,,,,,,,,
INDIGENA,CORDOBA,TUCHIN,,CARINITO,ZENU,NOT INFORMED,NOT INFORMED,Information request unanswered,DAIRM,,,,,,,,,,
INDIGENA,CORDOBA,TUCHIN,,CUATRO VIENTOS,ZENU,NOT INFORMED,NOT INFORMED,Information request unanswered,DAIRM,,,,,,,,,,
INDIGENA,CORDOBA,TUCHIN,,PLAZA BONITA CUATRO CAMINOS,ZENU,NOT INFORMED,NOT INFORMED,Information request unanswered,DAIRM,,,,,,,,,,
INDIGENA,CORDOBA,TUCHIN,,SABANA NUEVA,ZENU,NOT INFORMED,NOT INFORMED,Information request unanswered,DAIRM,,,,,,,,,,
INDIGENA,CORDOBA,TUCHIN,,SABANAL,ZENU,NOT INFORMED,NOT INFORMED,Information request unanswered,DAIRM,,,,,,,,,,
INDIGENA,CORDOBA,TUCHIN,,MAJAGUAL,ZENU,NOT INFORMED,NOT INFORMED,Information request unanswered,DAIRM,,,,,,,,,,
INDIGENA,CORDOBA,TUCHIN,,TIERRA ALTICA,ZENU,NOT INFORMED,NOT INFORMED,Information request unanswered,DAIRM,,,,,,,,,,
INDIGENA,CORDOBA,TUCHIN,,LAS PENITAS,ZENU,NOT INFORMED,NOT INFORMED,Information request unanswered,DAIRM,,,,,,,,,,
INDIGENA,CORDOBA,TUCHIN,,EL MANGUITO,ZENU,NOT INFORMED,NOT INFORMED,Information request unanswered,DAIRM,,,,,,,,,,
INDIGENA,CORDOBA,TUCHIN,,VILLANUEVA,ZENU,NOT INFORMED,NOT INFORMED,Information request unanswered,DAIRM,,,,,,,,,,
INDIGENA,CORDOBA,TUCHIN,,NUEVO PARAISO LA BALASTRERA,ZENU,NOT INFORMED,NOT INFORMED,Information request unanswered,DAIRM,,,,,,,,,,
INDIGENA,CORDOBA,TUCHIN,,CENTRO ALEGRE,ZENU,NOT INFORMED,NOT INFORMED,Information request unanswered,DAIRM,,,,,,,,,,
INDIGENA,CORDOBA,TUCHIN,,ZENU DEL ALTO SAN JORGE,ZENU,NOT INFORMED,NOT INFORMED,Information request unanswered,DAIRM,,,,,,,,,,
INDIGENA,CORDOBA,TUCHIN,,ZENU DEL ALTO SAN JORGE-BUENAVISTA,ZENU,NOT INFORMED,NOT INFORMED,Information request unanswered,DAIRM,,,,,,,,,,
INDIGENA,CORDOBA,TUCHIN,,ZENU DEL ALTO SAN JORGE-BUENOS AIRES GILGAL,ZENU,NOT INFORMED,NOT INFORMED,Information request unanswered,DAIRM,,,,,,,,,,
INDIGENA,CORDOBA,TUCHIN,,ZENU DEL ALTO SAN JORGE- SAN PEDRO,ZENU,NOT INFORMED,NOT INFORMED,Information request unanswered,DAIRM,,,,,,,,,,
INDIGENA,CORDOBA,TUCHIN,,ZENU DEL ALTO SAN JORGE-SAN ANTONIO BAJO,ZENU,NOT INFORMED,NOT INFORMED,Information request unanswered,DAIRM,,,,,,,,,,
INDIGENA,CORDOBA,TUCHIN,,ZENU DEL ALTO SAN JORGE-META TERRITORIAL,ZENU,NOT INFORMED,NOT INFORMED,Information request unanswered,DAIRM,,,,,,,,,,
INDIGENA,CORDOBA,TUCHIN,,ZENU DEL ALTO SAN JORGE-sAN ANTONIO,ZENU,NOT INFORMED,NOT INFORMED,Information request unanswered,DAIRM,,,,,,,,,,
INDIGENA,CORDOBA,TUCHIN,,ALTO SANTANA,ZENU,NOT INFORMED,NOT INFORMED,Information request unanswered,DAIRM,,,,,,,,,,
INDIGENA,CORDOBA,TUCHIN,,BAJO DE LATA,ZENU,NOT INFORMED,NOT INFORMED,Information request unanswered,DAIRM,,,,,,,,,,
INDIGENA,CORDOBA,TUCHIN,,BOCA DE JARRO,ZENU,NOT INFORMED,NOT INFORMED,Information request unanswered,DAIRM,,,,,,,,,,
INDIGENA,CORDOBA,TUCHIN,,BUENOS AIRES SUR,ZENU,NOT INFORMED,NOT INFORMED,Information request unanswered,DAIRM,,,,,,,,,,
INDIGENA,CORDOBA,TUCHIN,,CRUZ DE MAYO,ZENU,NOT INFORMED,NOT INFORMED,Information request unanswered,DAIRM,,,,,,,,,,
INDIGENA,CORDOBA,TUCHIN,,EL CHARCON,ZENU,NOT INFORMED,NOT INFORMED,Information request unanswered,DAIRM,,,,,,,,,,
INDIGENA,CORDOBA,TUCHIN,,EL DIVIDIVI,ZENU,NOT INFORMED,NOT INFORMED,Information request unanswered,DAIRM,,,,,,,,,,
INDIGENA,CORDOBA,TUCHIN,,EL HOYAL,ZENU,NOT INFORMED,NOT INFORMED,Information request unanswered,DAIRM,,,,,,,,,,
INDIGENA,CORDOBA,TUCHIN,,HOJA ANCHA,ZENU,NOT INFORMED,NOT INFORMED,Information request unanswered,DAIRM,,,,,,,,,,
INDIGENA,CORDOBA,TUCHIN,,LOS CARRETEROS,ZENU,NOT INFORMED,NOT INFORMED,Information request unanswered,DAIRM,,,,,,,,,,
INDIGENA,CORDOBA,TUCHIN,,MAJAGUAL 2,ZENU,NOT INFORMED,NOT INFORMED,Information request unanswered,DAIRM,,,,,,,,,,
INDIGENA,CORDOBA,TUCHIN,,MALA NOCHE,ZENU,NOT INFORMED,NOT INFORMED,Information request unanswered,DAIRM,,,,,,,,,,
INDIGENA,CORDOBA,TUCHIN,,NUEVA UNION,ZENU,NOT INFORMED,NOT INFORMED,Information request unanswered,DAIRM,,,,,,,,,,
INDIGENA,CORDOBA,TUCHIN,,PARAISO PLAZA BONITA,ZENU,NOT INFORMED,NOT INFORMED,Information request unanswered,DAIRM,,,,,,,,,,
INDIGENA,CORDOBA,TUCHIN,,PROVIDENCIA SUR,ZENU,NOT INFORMED,NOT INFORMED,Information request unanswered,DAIRM,,,,,,,,,,
INDIGENA,CORDOBA,TUCHIN,,PUEBLECITO SUR,ZENU,NOT INFORMED,NOT INFORMED,Information request unanswered,DAIRM,,,,,,,,,,
INDIGENA,CORDOBA,TUCHIN,,RECUPERACION,ZENU,NOT INFORMED,NOT INFORMED,Information request unanswered,DAIRM,,,,,,,,,,
INDIGENA,CORDOBA,TUCHIN,,SANTA FE DE LA CRUZ,ZENU,NOT INFORMED,NOT INFORMED,Information request unanswered,DAIRM,,,,,,,,,,
INDIGENA,CORDOBA,TUCHIN,,TIERRA GRATA,ZENU,NOT INFORMED,NOT INFORMED,Information request unanswered,DAIRM,,,,,,,,,,
INDIGENA,CORDOBA,TUCHIN,,VILLA ROSITA ARRIBA,ZENU,NOT INFORMED,NOT INFORMED,Information request unanswered,DAIRM,,,,,,,,,,
INDIGENA,CORDOBA,TUCHIN,,VILLA ROSITA SUR,ZENU,NOT INFORMED,NOT INFORMED,Information request unanswered,DAIRM,,,,,,,,,,
INDIGENA,CORDOBA,TUCHIN,,EL DELIRIO,ZENU,NOT INFORMED,NOT INFORMED,Information request unanswered,DAIRM,,,,,,,,,,
INDIGENA,CORDOBA,TUCHIN,,SAN MATIAS,ZENU,NOT INFORMED,NOT INFORMED,Information request unanswered,DAIRM,,,,,,,,,,
INDIGENA,CORDOBA,TUCHIN,,SANTIAGO ABAJO,ZENU,NOT INFORMED,NOT INFORMED,Information request unanswered,DAIRM,,,,,,,,,,
INDIGENA,CORDOBA,TUCHIN,,LA UNION DEL ALGODON,ZENU,NOT INFORMED,NOT INFORMED,Information request unanswered,DAIRM,,,,,,,,,,
INDIGENA,CORDOBA,TUCHIN,,LOS CERROS,ZENU,NOT INFORMED,NOT INFORMED,Information request unanswered,DAIRM,,,,,,,,,,
INDIGENA,CORDOBA,TUCHIN,,LA FLORESTA,ZENU,NOT INFORMED,NOT INFORMED,Information request unanswered,DAIRM,,,,,,,,,,
INDIGENA,CORDOBA,TUCHIN,,RETIRO DE LOS INDIOS,ZENU,NOT INFORMED,NOT INFORMED,Information request unanswered,DAIRM,,,,,,,,,,
INDIGENA,CORDOBA,TUCHIN,,LA LIBERTAD,ZENU,NOT INFORMED,NOT INFORMED,Information request unanswered,DAIRM,,,,,,,,,,
INDIGENA,CORDOBA,TUCHIN,,DANDADO,EMBERA KATIO,NOT INFORMED,NOT INFORMED,Information request unanswered,DAIRM,,,,,,,,,,
INDIGENA,CORDOBA,TUCHIN,,BATATADO,EMBERA KATIO,NOT INFORMED,NOT INFORMED,Information request unanswered,DAIRM,,,,,,,,,,
INDIGENA,CORDOBA,TUCHIN,,IBUDO BOSQUE,EMBERA KATIO,NOT INFORMED,NOT INFORMED,Information request unanswered,DAIRM,,,,,,,,,,
INDIGENA,CORDOBA,TUCHIN,,CANTAGALLO,ZENU,NOT INFORMED,NOT INFORMED,Information request unanswered,DAIRM,,,,,,,,,,
INDIGENA,CORDOBA,TUCHIN,,VENADO,ZENU,NOT INFORMED,NOT INFORMED,Information request unanswered,DAIRM,,,,,,,,,,
AFRO,MAGDALENA,ARACATACA,,ARACATACA,NOT INFORMED,27,18-Apr-13,NOT REQUESTED OR REQUEST LOST,DACNARP,,,,,,,,,,
AFRO,MAGDALENA,ARACATACA,,ARACATACA,NOT INFORMED,79,11-Nov-14,NOT REQUESTED OR REQUEST LOST,DACNARP,,,,,,,,,,
AFRO,MAGDALENA,ARIGUANI,,ARIGUANI,NOT INFORMED,80,11-Nov-14,NOT REQUESTED OR REQUEST LOST,DACNARP,,,,,,,,,,
AFRO,MAGDALENA,BANCO,,CONCOMORI,NOT INFORMED,81,11-Nov-14,REQUESTED,"ANT, DACNARP",,,,,,,,,,
AFRO,MAGDALENA,CIENAGA,,CIENAGA,NOT INFORMED,106,11-Nov-14,NOT REQUESTED OR REQUEST LOST,DACNARP,,,,,,,,,,
AFRO,MAGDALENA,EL RETEN,,Consejo Comunitario Sevilla Municipio Zona Bananera,NOT INFORMED,215,23-Aug-16,REQUESTED,"ANT, DACNARP",,,,,,,,,,
AFRO,MAGDALENA,EL RETEN,,JACOBO PEREZ ESCOBAR,NOT INFORMED,360,22-Jan-11,REQUESTED,"ANT, DACNARP",,,,,,,,,,
AFRO,MAGDALENA,EL RETEN,,EL RETEN,NOT INFORMED,376,10-Jun-11,NOT REQUESTED OR REQUEST LOST,DACNARP,,,,,,,,,,
AFRO,MAGDALENA,EL RETEN,,GUACAMAYAL,NOT INFORMED,392,2-Dec-11,REQUESTED,"ANT, DACNARP",,,,,,,,,,
AFRO,MAGDALENA,FUNDACION,,TORRENTE DEL ARIGUANI,NOT INFORMED,NOT INFORMED,NOT INFORMED,REQUESTED,ANT,,,,,,,,,,
AFRO,MAGDALENA,FUNDACION,,FELIZ GALAN PADILLA,NOT INFORMED,NOT INFORMED,NOT INFORMED,REQUESTED,ANT,,,,,,,,,,
AFRO,MAGDALENA,FUNDACION,,FERNANDO RIOS HIDALGO,NOT INFORMED,NOT INFORMED,NOT INFORMED,REQUESTED,ANT,,,,,,,,,,
AFRO,MAGDALENA,FUNDACION,,ASOSERVIVIR,NOT INFORMED,NOT INFORMED,NOT INFORMED,REQUESTED,ANT,,,,,,,,,,
AFRO,MAGDALENA,PIVIJAY,,JOSE ISABEL HERAZO MARQUEZ,NOT INFORMED,NOT INFORMED,NOT INFORMED,REQUESTED,ANT,,,,,,,,,,
AFRO,MAGDALENA,PLATO,,OBATALA,NOT INFORMED,NOT INFORMED,NOT INFORMED,TITLED,ANT,1310,13/03/2014,35,429.9243,125,,,,,
AFRO,MAGDALENA,PUEBLO VIEJO,,CONCAFUM,NOT INFORMED,NOT INFORMED,NOT INFORMED,REQUESTED,ANT,,,,,,,,,,
AFRO,MAGDALENA,PUEBLO VIEJO,,ESTACION SEVILLA 16 DE JULIO,NOT INFORMED,NOT INFORMED,NOT INFORMED,REQUESTED,ANT,,,,,,,,,,
AFRO,MAGDALENA,PUEBLO VIEJO,,MANE ARRIETA,NOT INFORMED,NOT INFORMED,NOT INFORMED,REQUESTED,ANT,,,,,,,,,,
AFRO,MAGDALENA,PUEBLO VIEJO,,CC Coconaderia,NOT INFORMED,NOT INFORMED,NOT INFORMED,REQUESTED,ANT,,,,,,,,,,
AFRO,MAGDALENA,SABANAS DE SAN ANGEL,,RINCON GUAPO LO VERAN,NOT INFORMED,NOT INFORMED,NOT INFORMED,REQUESTED,ANT,,,,,,,,,,
AFRO,MAGDALENA,SABANAS DE SAN ANGEL,,SABANAS DE SAN ANGEL,NOT INFORMED,NOT INFORMED,NOT INFORMED,REQUESTED,ANT,,,,,,,,,,
AFRO,MAGDALENA,SABANAS DE SAN ANGEL Y ARIGUANI,,GUACAMAYA,NOT INFORMED,NOT INFORMED,NOT INFORMED,REQUESTED,ANT,,,,,,,,,,
AFRO,MAGDALENA,SANTA MARTA,,TUCURINCA Zona Bananera,NOT INFORMED,NOT INFORMED,NOT INFORMED,REQUESTED,ANT,,,,,,,,,,
AFRO,MAGDALENA,ZONA BANANERA,,ALEJANDRO CHIQUILLO MENDOZA,NOT INFORMED,NOT INFORMED,NOT INFORMED,REQUESTED,ANT,,,,,,,,,,
INDIGENA,MAGDALENA,ZONA BANANERA,,ARHUACO DE LA SIERRA NEVADA,ARHUACO,NOT INFORMED,NOT INFORMED,Information request unanswered,DAIRM,,,,,,,,,,
INDIGENA,MAGDALENA,ZONA BANANERA,,CHIMILAS DE SAN ANGEL (ISSA ORISTUNA),CHIMILA,NOT INFORMED,NOT INFORMED,Information request unanswered,DAIRM,,,,,,,,,,
INDIGENA,MAGDALENA,ZONA BANANERA,,KOGUI-MALAYO-ARHUACO,KOGUI-MALAYO-ARHUACO,NOT INFORMED,NOT INFORMED,Information request unanswered,DAIRM,,,,,,,,,,
INDIGENA,MAGDALENA,ZONA BANANERA,,KOGUI-MALAYO-ARHUACO,KOGUI-MALAYO-ARHUACO,NOT INFORMED,NOT INFORMED,Information request unanswered,DAIRM,,,,,,,,,,
INDIGENA,MAGDALENA,,,KOGUI-MALAYO-ARHUACO,KOGUI-MALAYO-ARHUACO,NOT INFORMED,NOT INFORMED,Information request unanswered,DAIRM,,,,,,,,,,
AFRO,SUCRE,COLOSO,,SOCOLANDO,NOT INFORMED,NOT INFORMED,NOT INFORMED,REQUESTED,ANT,,,,,,,,,,
INDIGENA,SUCRE,COROZAL,,BELLAVISTA,ZENU,NOT INFORMED,NOT INFORMED,Information request unanswered,DAIRM,,,,,,,,,,
INDIGENA,SUCRE,COVENAS,CARACOL,CARACOL,ZENU,NOT INFORMED,NOT INFORMED,Information request unanswered,DAIRM,,,,,,,,,,
INDIGENA,SUCRE,COVENAS,CAYO DE LA CRUZ,CAYO DE LA CRUZ,ZENU,NOT INFORMED,NOT INFORMED,Information request unanswered,DAIRM,,,,,,,,,,
INDIGENA,SUCRE,COVENAS,CIENAGUITA,CIENAGUITA,ZENU,NOT INFORMED,NOT INFORMED,Information request unanswered,DAIRM,,,,,,,,,,
INDIGENA,SUCRE,COVENAS,CUIVA,CUIVA-CANOVIEJO,ZENU,NOT INFORMED,NOT INFORMED,Information request unanswered,DAIRM,,,,,,,,,,
INDIGENA,SUCRE,COVENAS Y TOLU,EL OASIS,EL OASIS,ZENU,NOT INFORMED,NOT INFORMED,Information request unanswered,DAIRM,,,,,,,,,,
INDIGENA,SUCRE,LA UNION,EL PITAL,EL PITAL,ZENU,NOT INFORMED,NOT INFORMED,Information request unanswered,DAIRM,,,,,,,,,,
INDIGENA,SUCRE,LA UNION,GUALON,GUALON,ZENU,NOT INFORMED,NOT INFORMED,Information request unanswered,DAIRM,,,,,,,,,,
INDIGENA,SUCRE,MORROA,LA FLORIDA,LA FLORIDA,ZENU,NOT INFORMED,NOT INFORMED,Information request unanswered,DAIRM,,,,,,,,,,
INDIGENA,SUCRE,OVEJAS,,ISLA GALLINAZO,ZENU,NOT INFORMED,NOT INFORMED,Information request unanswered,DAIRM,,,,,,,,,,
INDIGENA,SUCRE,OVEJAS,,LA PALMIRA,ZENU,NOT INFORMED,NOT INFORMED,Information request unanswered,DAIRM,,,,,,,,,,
INDIGENA,SUCRE,OVEJAS,,LA UNION FLORESTA,ZENU,NOT INFORMED,NOT INFORMED,Information request unanswered,DAIRM,,,,,,,,,,
INDIGENA,SUCRE,PALMITO,,LA VENTA LA ESPERANZA,ZENU,NOT INFORMED,NOT INFORMED,Information request unanswered,DAIRM,,,,,,,,,,
INDIGENA,SUCRE,PALMITO,,LAS CAVERNAS,ZENU,NOT INFORMED,NOT INFORMED,Information request unanswered,DAIRM,,,,,,,,,,
INDIGENA,SUCRE,PALMITO,LAS PIEDRAS,LAS PIEDRAS,ZENU,NOT INFORMED,NOT INFORMED,Information request unanswered,DAIRM,,,,,,,,,,
INDIGENA,SUCRE,PALMITO,,LOS ALTOS,ZENU,NOT INFORMED,NOT INFORMED,Information request unanswered,DAIRM,,,,,,,,,,
INDIGENA,SUCRE,PALMITO,EL MAMEY,EL MAMEY,ZENU,NOT INFORMED,NOT INFORMED,Information request unanswered,DAIRM,,,,,,,,,,
INDIGENA,SUCRE,PALMITO,EL REPARO,EL REPARO,ZENU,NOT INFORMED,NOT INFORMED,Information request unanswered,DAIRM,,,,,,,,,,
INDIGENA,SUCRE,PALMITO,,MANICA,ZENU,NOT INFORMED,NOT INFORMED,Information request unanswered,DAIRM,,,,,,,,,,
INDIGENA,SUCRE,PALMITO,,QUEVERA,ZENU,NOT INFORMED,NOT INFORMED,Information request unanswered,DAIRM,,,,,,,,,,
INDIGENA,SUCRE,PALMITO,SAN ANDRES DE SOTAVENTO,RESGUARDO SAN ANDRES DE SOTAVENTO,ZENU,NOT INFORMED,NOT INFORMED,Information request unanswered,DAIRM,,,,,,,,,,
INDIGENA,SUCRE,PALMITO,SAN ANDRES DE SOTAVENTO,BABILONIA,ZENU,NOT INFORMED,NOT INFORMED,Information request unanswered,DAIRM,,,,,,,,,,
INDIGENA,SUCRE,PALMITO,SAN ANDRES DE SOTAVENTO,BUENA VISTICA,ZENU,NOT INFORMED,NOT INFORMED,Information request unanswered,DAIRM,,,,,,,,,,
INDIGENA,SUCRE,PALMITO,SAN ANDRES DE SOTAVENTO,CERRO DEL NARANJO,ZENU,NOT INFORMED,NOT INFORMED,Information request unanswered,DAIRM,,,,,,,,,,
INDIGENA,SUCRE,PALMITO,SAN ANDRES DE SOTAVENTO,SAN ANTONIO  ,ZENU,NOT INFORMED,NOT INFORMED,Information request unanswered,DAIRM,,,,,,,,,,
INDIGENA,SUCRE,PALMITO,SAN ANDRES DE SOTAVENTO,SAN JACINTO,ZENU,NOT INFORMED,NOT INFORMED,Information request unanswered,DAIRM,,,,,,,,,,
INDIGENA,SUCRE,PALMITO,SAN ANDRES DE SOTAVENTO,RESGUARDO SAN ANDRES DE SOTAVENTO,ZENU,NOT INFORMED,NOT INFORMED,Information request unanswered,DAIRM,,,,,,,,,,
INDIGENA,SUCRE,PALMITO,SAN ANDRES DE SOTAVENTO,ACHIOTE,ZENU,NOT INFORMED,NOT INFORMED,Information request unanswered,DAIRM,,,,,,,,,,
INDIGENA,SUCRE,PALMITO,SAN ANDRES DE SOTAVENTO,ESCOBAR ABAJO,ZENU,NOT INFORMED,NOT INFORMED,Information request unanswered,DAIRM,,,,,,,,,,
INDIGENA,SUCRE,PALMITO,SAN ANDRES DE SOTAVENTO,ESCOBAR ARRIBA,ZENU,NOT INFORMED,NOT INFORMED,Information request unanswered,DAIRM,,,,,,,,,,
INDIGENA,SUCRE,PALMITO,SAN ANDRES DE SOTAVENTO,LA ISLA,ZENU,NOT INFORMED,NOT INFORMED,Information request unanswered,DAIRM,,,,,,,,,,
INDIGENA,SUCRE,SAMPUES,SAN ANDRES DE SOTAVENTO,LA LUCHA Y EL CACAO,ZENU,NOT INFORMED,NOT INFORMED,Information request unanswered,DAIRM,,,,,,,,,,
INDIGENA,SUCRE,SAMPUES,SAN ANDRES DE SOTAVENTO,RESGUARDO SAN ANDRES DE SOTAVENTO,ZENU,NOT INFORMED,NOT INFORMED,Information request unanswered,DAIRM,,,,,,,,,,
INDIGENA,SUCRE,SAMPUES,SAN ANDRES DE SOTAVENTO,ALGODONCILLO,ZENU,NOT INFORMED,NOT INFORMED,Information request unanswered,DAIRM,,,,,,,,,,
INDIGENA,SUCRE,SAMPUES,SAN ANDRES DE SOTAVENTO,EL OLIVO,ZENU,NOT INFORMED,NOT INFORMED,Information request unanswered,DAIRM,,,,,,,,,,
INDIGENA,SUCRE,SAMPUES,SAN ANDRES DE SOTAVENTO,GUAIMI,ZENU,NOT INFORMED,NOT INFORMED,Information request unanswered,DAIRM,,,,,,,,,,
INDIGENA,SUCRE,SAMPUES,SAN ANDRES DE SOTAVENTO,LA GRANJA,ZENU,NOT INFORMED,NOT INFORMED,Information request unanswered,DAIRM,,,,,,,,,,
INDIGENA,SUCRE,SAMPUES,SAN ANDRES DE SOTAVENTO,LOS CASTILLOS,ZENU,NOT INFORMED,NOT INFORMED,Information request unanswered,DAIRM,,,,,,,,,,
INDIGENA,SUCRE,SAMPUES,SAN ANDRES DE SOTAVENTO,EL PALMAR BRILLANTE,ZENU,NOT INFORMED,NOT INFORMED,Information request unanswered,DAIRM,,,,,,,,,,
INDIGENA,SUCRE,SAMPUES,SAN ANDRES DE SOTAVENTO,PUEBLECITO  ,ZENU,NOT INFORMED,NOT INFORMED,Information request unanswered,DAIRM,,,,,,,,,,
INDIGENA,SUCRE,SAMPUES,,SAN ANTONIO URBANO,ZENU,NOT INFORMED,NOT INFORMED,Information request unanswered,DAIRM,,,,,,,,,,
INDIGENA,SUCRE,SAMPUES,,SAN MARTIN,ZENU,NOT INFORMED,NOT INFORMED,Information request unanswered,DAIRM,,,,,,,,,,
INDIGENA,SUCRE,SAMPUES,,SAN MARTIN,ZENU,NOT INFORMED,NOT INFORMED,Information request unanswered,DAIRM,,,,,,,,,,
INDIGENA,SUCRE,SAMPUES,,SAN MIGUEL,ZENU,NOT INFORMED,NOT INFORMED,Information request unanswered,DAIRM,,,,,,,,,,
INDIGENA,SUCRE,SAMPUES,,SANTO DOMINGO VIDAL,ZENU,NOT INFORMED,NOT INFORMED,Information request unanswered,DAIRM,,,,,,,,,,
INDIGENA,SUCRE,SAMPUES,,SILOE,ZENU,NOT INFORMED,NOT INFORMED,Information request unanswered,DAIRM,,,,,,,,,,
INDIGENA,SUCRE,SAMPUES,TOLUVIEJO,TORRENTE,ZENU,NOT INFORMED,NOT INFORMED,Information request unanswered,DAIRM,,,,,,,,,,
INDIGENA,SUCRE,SAMPUES,,UNION CANITO,ZENU,NOT INFORMED,NOT INFORMED,Information request unanswered,DAIRM,,,,,,,,,,
INDIGENA,SUCRE,SAMPUES,VARSOVIA,VARSOVIA,ZENU,NOT INFORMED,NOT INFORMED,Information request unanswered,DAIRM,,,,,,,,,,
INDIGENA,SUCRE,SAMPUES,,VILLANUEVA,ZENU,NOT INFORMED,NOT INFORMED,Information request unanswered,DAIRM,,,,,,,,,,
INDIGENA,SUCRE,SAMPUES,EL MAMON,EL MAMON,ZENU,NOT INFORMED,NOT INFORMED,Information request unanswered,DAIRM,,,,,,,,,,
INDIGENA,SUCRE,SAMPUES,,MARUZA,ZENU,NOT INFORMED,NOT INFORMED,Information request unanswered,DAIRM,,,,,,,,,,
INDIGENA,SUCRE,SAMPUES,,MONTEGRANDE,ZENU,NOT INFORMED,NOT INFORMED,Information request unanswered,DAIRM,,,,,,,,,,
INDIGENA,SUCRE,SAMPUES,,VILUT,ZENU,NOT INFORMED,NOT INFORMED,Information request unanswered,DAIRM,,,,,,,,,,
INDIGENA,SUCRE,SAN BENITO ABAD,,GALAPA,ZENU,NOT INFORMED,NOT INFORMED,Information request unanswered,DAIRM,,,,,,,,,,
INDIGENA,SUCRE,SAN BENITO ABAD,,SAN JOSE DE ALMAGRA,ZENU,NOT INFORMED,NOT INFORMED,Information request unanswered,DAIRM,,,,,,,,,,
INDIGENA,SUCRE,SAN BENITO ABAD,,EL BARZAL,ZENU,NOT INFORMED,NOT INFORMED,Information request unanswered,DAIRM,,,,,,,,,,
INDIGENA,SUCRE,SAN BENITO ABAD,,LA GRAN VIA,ZENU,NOT INFORMED,NOT INFORMED,Information request unanswered,DAIRM,,,,,,,,,,
INDIGENA,SUCRE,SAN MARCOS,,MEDIA SOMBRA,ZENU,NOT INFORMED,NOT INFORMED,Information request unanswered,DAIRM,,,,,,,,,,
INDIGENA,SUCRE,SAN MARCOS,,PUEBLO NUEVO,ZENU,NOT INFORMED,NOT INFORMED,Information request unanswered,DAIRM,,,,,,,,,,
INDIGENA,SUCRE,SAN MARCOS,,BELLAVISTA,ZENU,NOT INFORMED,NOT INFORMED,Information request unanswered,DAIRM,,,,,,,,,,
INDIGENA,SUCRE,SAN MARCOS,BOSSA NAVARRO,BOSSA NAVARRO,ZENU,NOT INFORMED,NOT INFORMED,Information request unanswered,DAIRM,,,,,,,,,,
INDIGENA,SUCRE,SAN MARCOS,,CALLE LARGA,ZENU,NOT INFORMED,NOT INFORMED,Information request unanswered,DAIRM,,,,,,,,,,
INDIGENA,SUCRE,SAN MARCOS,,GUAIMARO,ZENU,NOT INFORMED,NOT INFORMED,Information request unanswered,DAIRM,,,,,,,,,,
INDIGENA,SUCRE,SAN MARCOS,,LOMA DE PIEDRA,ZENU,NOT INFORMED,NOT INFORMED,Information request unanswered,DAIRM,,,,,,,,,,
INDIGENA,SUCRE,SAN ONOFRE,,CAMPO DE LAS MIREYAS,ZENU,NOT INFORMED,NOT INFORMED,Information request unanswered,DAIRM,,,,,,,,,,
INDIGENA,SUCRE,SAN ONOFRE,CERRITO DE LAS PALMA,CERRITO DE LAS PALMAS,ZENU,NOT INFORMED,NOT INFORMED,Information request unanswered,DAIRM,,,,,,,,,,
INDIGENA,SUCRE,SAN ONOFRE,LA GALLERA,LA GALLERA,ZENU,NOT INFORMED,NOT INFORMED,Information request unanswered,DAIRM,,,,,,,,,,
INDIGENA,SUCRE,SAN ONOFRE,,LAS FLORES LA GALLERA,ZENU,NOT INFORMED,NOT INFORMED,Information request unanswered,DAIRM,,,,,,,,,,
INDIGENA,SUCRE,SAN ONOFRE,,LOMA DE TIGRE BUENOS AIRES,ZENU,NOT INFORMED,NOT INFORMED,Information request unanswered,DAIRM,,,,,,,,,,
INDIGENA,SUCRE,SANTIAGO DE TOLU,,CABECERA MUNICIPAL,ZENU,NOT INFORMED,NOT INFORMED,Information request unanswered,DAIRM,,,,,,,,,,
INDIGENA,SUCRE,SINCELEJO,PALO ALTO,PALO ALTO,ZENU,NOT INFORMED,NOT INFORMED,Information request unanswered,DAIRM,,,,,,,,,,
INDIGENA,SUCRE,SINCELEJO,BERRUGAS,BERRUGAS,ZENU,NOT INFORMED,NOT INFORMED,Information request unanswered,DAIRM,,,,,,,,,,
INDIGENA,SUCRE,SINCELEJO,POLICARPA,POLICARPA,ZENU,NOT INFORMED,NOT INFORMED,Information request unanswered,DAIRM,,,,,,,,,,
INDIGENA,SUCRE,SINCELEJO,CRUZ DEL BEQUE,CRUZ DEL BEQUE,ZENU,NOT INFORMED,NOT INFORMED,Information request unanswered,DAIRM,,,,,,,,,,
INDIGENA,SUCRE,SINCELEJO,,MAISHESHE LA CHIVERA,ZENU,NOT INFORMED,NOT INFORMED,Information request unanswered,DAIRM,,,,,,,,,,
INDIGENA,SUCRE,SINCELEJO,,TATACHIO MIRABEL,ZENU,NOT INFORMED,NOT INFORMED,Information request unanswered,DAIRM,,,,,,,,,,
INDIGENA,SUCRE,SINCELEJO,,LA ESPERANZA,ZENU,NOT INFORMED,NOT INFORMED,Information request unanswered,DAIRM,,,,,,,,,,
INDIGENA,SUCRE,SINCELEJO,VILLA FATIMA,VILLA FATIMA,ZENU,NOT INFORMED,NOT INFORMED,Information request unanswered,DAIRM,,,,,,,,,,
INDIGENA,SUCRE,SINCELEJO,LAS HUERTAS,LAS HUERTAS,ZENU,NOT INFORMED,NOT INFORMED,Information request unanswered,DAIRM,,,,,,,,,,
INDIGENA,SUCRE,SINCELEJO,SABANAS DEL POTRERO,SABANAS DEL POTRERO,ZENU,NOT INFORMED,NOT INFORMED,Information request unanswered,DAIRM,,,,,,,,,,
INDIGENA,SUCRE,SINCELEJO,,PAN SENOR,ZENU,NOT INFORMED,NOT INFORMED,Information request unanswered,DAIRM,,,,,,,,,,
INDIGENA,SUCRE,SINCELEJO,,SABANAS DE LA NEGRA,ZENU,NOT INFORMED,NOT INFORMED,Information request unanswered,DAIRM,,,,,,,,,,
INDIGENA,SUCRE,SINCELEJO,,HUERTAS CHICAS ARRIBA,ZENU,NOT INFORMED,NOT INFORMED,Information request unanswered,DAIRM,,,,,,,,,,
INDIGENA,SUCRE,SINCELEJO,,HUERTAS CHICAS,ZENU,NOT INFORMED,NOT INFORMED,Information request unanswered,DAIRM,,,,,,,,,,
INDIGENA,SUCRE,SINCELEJO,Mata De Caña,Mata De Caña,ZENU,NOT INFORMED,NOT INFORMED,Information request unanswered,DAIRM,,,,,,,,,,
INDIGENA,SUCRE,SINCELEJO,PIEDRAS BLANCAS,PIEDRAS BLANCAS,ZENU,NOT INFORMED,NOT INFORMED,Information request unanswered,DAIRM,,,,,,,,,,
INDIGENA,SUCRE,SINCELEJO,PUERTO VIEJO,PUERTO VIEJO,ZENU,NOT INFORMED,NOT INFORMED,Information request unanswered,DAIRM,,,,,,,,,,
INDIGENA,SUCRE,SINCELEJO,RINCON DEL MAR,RINCON DEL MAR,ZENU,NOT INFORMED,NOT INFORMED,Information request unanswered,DAIRM,,,,,,,,,,
INDIGENA,SUCRE,SINCELEJO,,ALTO PLANO SAN ANTONIO,ZENU,NOT INFORMED,NOT INFORMED,Information request unanswered,DAIRM,,,,,,,,,,
INDIGENA,SUCRE,SINCELEJO,,LA PENATA,ZENU,NOT INFORMED,NOT INFORMED,Information request unanswered,DAIRM,,,,,,,,,,
INDIGENA,SUCRE,SINCELEJO,PAJONAL,PAJONAL,ZENU,NOT INFORMED,NOT INFORMED,Information request unanswered,DAIRM,,,,,,,,,,
INDIGENA,SUCRE,SINCELEJO,LIBERTAD,LIBERTAD,ZENU,NOT INFORMED,NOT INFORMED,Information request unanswered,DAIRM,,,,,,,,,,
INDIGENA,SUCRE,SINCELEJO,,PUTUMAYO LAGUNA FLOR,ZENU,NOT INFORMED,NOT INFORMED,Information request unanswered,DAIRM,,,,,,,,,,
INDIGENA,SUCRE,SINCELEJO,,AYWJAWASHI EL JORDAN,ZENU,NOT INFORMED,NOT INFORMED,Information request unanswered,DAIRM,,,,,,,,,,
INDIGENA,SUCRE,SINCELEJO,BUENAVISTA,BUENAVISTA,ZENU,NOT INFORMED,NOT INFORMED,Information request unanswered,DAIRM,,,,,,,,,,
INDIGENA,SUCRE,SINCELEJO,CHOCHO,CHOCHO,ZENU,NOT INFORMED,NOT INFORMED,Information request unanswered,DAIRM,,,,,,,,,,
INDIGENA,SUCRE,SINCELEJO,,LA ESMERALDA,ZENU,NOT INFORMED,NOT INFORMED,Information request unanswered,DAIRM,,,,,,,,,,
INDIGENA,SUCRE,TOLUVIEJO,,JEGUITA,ZENU,NOT INFORMED,NOT INFORMED,Information request unanswered,DAIRM,,,,,,,,,,
INDIGENA,SUCRE,TOLUVIEJO,,TACASUAN,ZENU,NOT INFORMED,NOT INFORMED,Information request unanswered,DAIRM,,,,,,,,,,
INDIGENA,SUCRE,TOLUVIEJO,,LOMAS DE PALITO,ZENU,NOT INFORMED,NOT INFORMED,Information request unanswered,DAIRM,,,,,,,,,,
INDIGENA,SUCRE,TOLUVIEJO,,CHUPUNDUN,ZENU,NOT INFORMED,NOT INFORMED,Information request unanswered,DAIRM,,,,,,,,,,
INDIGENA,SUCRE,TOLUVIEJO,CENTRO AZUL,CENTRO AZUL,ZENU,NOT INFORMED,NOT INFORMED,Information request unanswered,DAIRM,,,,,,,,,,
INDIGENA,SUCRE,TOLUVIEJO,EL MARTILLO,EL MARTILLO,ZENU,NOT INFORMED,NOT INFORMED,Information request unanswered,DAIRM,,,,,,,,,,
INDIGENA,SUCRE,TOLUVIEJO,SAN MIGUEL,SAN MIGUEL,ZENU,NOT INFORMED,NOT INFORMED,Information request unanswered,DAIRM,,,,,,,,,,
INDIGENA,SUCRE,TOLUVIEJO,,SANTA CRUZ,ZENU,NOT INFORMED,NOT INFORMED,Information request unanswered,DAIRM,,,,,,,,,,
INDIGENA,SUCRE,TOLUVIEJO,"SABANALARGA, PALITO",SABANALARGA PALITO,ZENU,NOT INFORMED,NOT INFORMED,Information request unanswered,DAIRM,,,,,,,,,,
INDIGENA,SUCRE,TOLUVIEJO,,COSTA DE ORO,ZENU,NOT INFORMED,NOT INFORMED,Information request unanswered,DAIRM,,,,,,,,,,
INDIGENA,SUCRE,TOLUVIEJO,,EL CRUCERO,ZENU,NOT INFORMED,NOT INFORMED,Information request unanswered,DAIRM,,,,,,,,,,
INDIGENA,SUCRE,TOLUVIEJO,MATEO PEREZ,MATEO PEREZ,ZENU,NOT INFORMED,NOT INFORMED,Information request unanswered,DAIRM,,,,,,,,,,
INDIGENA,SUCRE,TOLUVIEJO,CHOCHO,LA ESMERALDA DE CHOCHO,ZENU,NOT INFORMED,NOT INFORMED,Information request unanswered,DAIRM,,,,,,,,,,
INDIGENA,SUCRE,TOLUVIEJO,,MORROY,ZENU,NOT INFORMED,NOT INFORMED,Information request unanswered,DAIRM,,,,,,,,,,
