ETHNIC GROUP,DEPARTMENT,MUNICIPALITY,TOWNSHIP,MICROTOWNSHIP,PEOPLE,RECOGNITION RESOLUTION,RECOGNITION DATE,LAND TITLE SITUATION,SOURCE (PUBLIC OFFICE OFFERS INFO),TITLING RESOLUTION,DATE TITLED,NUMBER OF FAMILIES,AREA,NUMBER OF PEOPLE,,,,,,,,,,,,,,
INDIGENA,ATLANTICO,BARANOA,,,MOKANA,,,,,,,,,,,,,,,,,,,,,,,
INDIGENA,ATLANTICO,BARANOA,(PITAL DE MEGUA),,MOKANA,,,,,,,,,,,,,,,,,,,,,,,
INDIGENA,ATLANTICO,BARANOA,(SIBARCO),,MOKANA,,,,,,,,,,,,,,,,,,,,,,,
AFRO,ATLANTICO,GALAPA,(LAS 300),,,212,11 Oct 2017,SOLICITADO,AMBOS,,,,,,,,,,,,,,,,,,,
INDIGENA,ATLANTICO,GALAPA,,,MOKANA,,,,,,,,,,,,,,,,,,,,,,,
AFRO,ATLANTICO,LA CANDELARIA,(NELSON MANDELA),,,,,SOLICITADO,DIR. ASUNTOS ETNICOS AGENCIA NACIONAL TIERRAS,,,,,,,,,,,,,,,,,,,
AFRO,ATLANTICO,LURUACO,KUSUTO MAGENDE NR,,,,,SOLICITADO,DIR. ASUNTOS ETNICOS AGENCIA NACIONAL TIERRAS,,,,,,,,,,,,,,,,,,,
INDIGENA,ATLANTICO,MALAMBO,,,MOKANA,,,,,,,,,,,,,,,,,,,,,,,
AFRO,ATLANTICO,MANATI,(ALEJANDRINA MATUTE),,,,,SOLICITADO,DIR. ASUNTOS ETNICOS AGENCIA NACIONAL TIERRAS,,,,,,,,,,,,,,,,,,,
AFRO,ATLANTICO,PALMAR DE VARELA,PALMAS DE VARELA,,,,,SOLICITADO,DIR. ASUNTOS ETNICOS AGENCIA NACIONAL TIERRAS,,,,,,,,,,,,,,,,,,,
AFRO,ATLANTICO,POLO NUEVO,SUTOGUE POLO NUEVO AFRO Y ETNICO,,,,,SOLICITADO,DIR. ASUNTOS ETNICOS AGENCIA NACIONAL TIERRAS,,,,,,,,,,,,,,,,,,,
AFRO,ATLANTICO,PUEBLO NUEVO,AFRO PIOJO,,,,,SOLICITADO,DIR. ASUNTOS ETNICOS AGENCIA NACIONAL TIERRAS,,,,,,,,,,,,,,,,,,,
INDIGENA,ATLANTICO,PUERTO COLOMBIA,,,MOKANA,,,,,,,,,,,,,,,,,,,,,,,
AFRO,ATLANTICO,REPELON,MAGEN DE MI,,,,,SOLICITADO,DIR. ASUNTOS ETNICOS AGENCIA NACIONAL TIERRAS,,,,,,,,,,,,,,,,,,,
AFRO,ATLANTICO,SAN JUAN DE ACOSTA,JUAN DE NOKUTU DE SAN JOSE DE SACO,,,,,SOLICITADO,DIR. ASUNTOS ETNICOS AGENCIA NACIONAL TIERRAS,,,,,,,,,,,,,,,,,,,
AFRO,ATLANTICO,SAN JUAN DE ACOSTA,(KUSUTO ANE JUE),,,,,SOLICITADO,DIR. ASUNTOS ETNICOS AGENCIA NACIONAL TIERRAS,,,,,,,,,,,,,,,,,,,
INDIGENA,ATLANTICO,TUBARA,(BAJO OSTION),,MOKANA,,,,,,,,,,,,,,,,,,,,,,,
INDIGENA,ATLANTICO,TUBARA,(CUATRO BOCAS),,MOKANA,,,,,,,,,,,,,,,,,,,,,,,
INDIGENA,ATLANTICO,TUBARA,(CORRAL DE SAN LUIS),,MOKANA,,,,,,,,,,,,,,,,,,,,,,,
INDIGENA,ATLANTICO,TUBARA,(MORRO HERMOSO),,MOKANA,,,,,,,,,,,,,,,,,,,,,,,
INDIGENA,ATLANTICO,TUBARA,(GUAYMARAL),,MOKANA,,,,,,,,,,,,,,,,,,,,,,,
INDIGENA,ATLANTICO,TUBARA,(JUARUCO),,MOKANA,,,,,,,,,,,,,,,,,,,,,,,
INDIGENA,ATLANTICO,TUBARA,(PUERTO CAIMAN),,MOKANA,,,,,,,,,,,,,,,,,,,,,,,
INDIGENA,ATLANTICO,TUBARA,,,MOKANA,,,,,,,,,,,,,,,,,,,,,,,
AFRO,BOLIVAR,ALTOS DEL ROSARIO,Alejandro Duran,,,,,OTORGADO,DIR. ASUNTOS ETNICOS AGENCIA NACIONAL TIERRAS,,,,,,,,,,,,,,,,,,,
AFRO,BOLIVAR,ALTOS DEL ROSARIO,,"Pabozas, Portugal, Carnales, PuertoRosario, Quebrada Honda, Empujones, Palmar, Carmon, Mimbre",,,,,"DIRECCION DE ASUNTOS PARA COMUNIDADES NEGRAS, AFROSCOLOMBIANAS, RAIZALES Y PALENQUERAS DEL MININTERIOR",2451,9/27/2011,142,36.6828,749,,,,,,,,,,,,,,
AFRO,BOLIVAR,ARENAL,MANARA GARCIA MEPO,,,,,SOLICITADO,DIR. ASUNTOS ETNICOS AGENCIA NACIONAL TIERRAS,,,,,,,,,,,,,,,,,,,
AFRO,BOLIVAR,ARENAL,CACIMA OLAVE ARRINCON AMELA,,,,,SOLICITADO,DIR. ASUNTOS ETNICOS AGENCIA NACIONAL TIERRAS,,,,,,,,,,,,,,,,,,,
AFRO,BOLIVAR,ARJONA,SINCERIN,,,,,SOLICITADO,DIR. ASUNTOS ETNICOS AGENCIA NACIONAL TIERRAS,,,,,,,,,,,,,,,,,,,
AFRO,BOLIVAR,ARJONA,ROCHA,,,,,SOLICITADO,DIR. ASUNTOS ETNICOS AGENCIA NACIONAL TIERRAS,,,,,,,,,,,,,,,,,,,
AFRO,BOLIVAR,ARJONA,PUERTO BADEL,,,,,SOLICITADO,DIR. ASUNTOS ETNICOS AGENCIA NACIONAL TIERRAS,,,,,,,,,,,,,,,,,,,
INDIGENA,BOLIVAR,ARJONA,GAMBOTE,,ZENU,,,,,,,,,,,,,,,,,,,,,,,
AFRO,BOLIVAR,BARRANCO DE LOBA,LOS PALENQUES,,,,,SOLICITADO,DIR. ASUNTOS ETNICOS AGENCIA NACIONAL TIERRAS,,,,,,,,,,,,,,,,,,,
AFRO,BOLIVAR,BARRANCO DE LOBA,ANTONIO SAJON,,,,,SOLICITADO,DIR. ASUNTOS ETNICOS AGENCIA NACIONAL TIERRAS,,,,,,,,,,,,,,,,,,,
AFRO,BOLIVAR,CALAMAR,HATO VIEJO,"Mandigas, Carretal, Paraiso, Las Brisas, Las Yayas",,,,,"DIRECCION DE ASUNTOS PARA COMUNIDADES NEGRAS, AFROSCOLOMBIANAS, RAIZALES Y PALENQUERAS DEL MININTERIOR",,,,,,,,,,,,,,,,,,,
INDIGENA,BOLIVAR,CARTAGENA,MEMBRILLAL,(CAIZEM),ZENU,,,,,,,,,,,,,,,,,,,,,,,
AFRO,BOLIVAR,CARTAGENA DE INDIAS,LA BOQUILLA,,,,,OTORGADO,AMBOS,467,3/30/2012,2179,39.7028,9372,,,,,,,,,,,,,,
AFRO,BOLIVAR,CARTAGENA DE INDIAS,MANGO DE LA PUA II,,,,,SOLICITADO,DIR. ASUNTOS ETNICOS AGENCIA NACIONAL TIERRAS,,,,,,,,,,,,,,,,,,,
AFRO,BOLIVAR,CARTAGENA DE INDIAS,SANTA CRUZ DEL ISLOTE,,,,,SOLICITADO,DIR. ASUNTOS ETNICOS AGENCIA NACIONAL TIERRAS,,,,,,,,,,,,,,,,,,,
AFRO,BOLIVAR,CARTAGENA DE INDIAS,MANZANILLO DEL MAR,,,,,SOLICITADO,DIR. ASUNTOS ETNICOS AGENCIA NACIONAL TIERRAS,,,,,,,,,,,,,,,,,,,
AFRO,BOLIVAR,CARTAGENA DE INDIAS,LOS OLIVOS,,,,,SOLICITADO,DIR. ASUNTOS ETNICOS AGENCIA NACIONAL TIERRAS,,,,,,,,,,,,,,,,,,,
AFRO,BOLIVAR,CARTAGENA DE INDIAS,ARROYO GRANDE,,,,,SOLICITADO,DIR. ASUNTOS ETNICOS AGENCIA NACIONAL TIERRAS,,,,,,,,,,,,,,,,,,,
AFRO,BOLIVAR,CARTAGENA DE INDIAS,EL RECREO CANAL DEL DIQUE,,,,,SOLICITADO,DIR. ASUNTOS ETNICOS AGENCIA NACIONAL TIERRAS,,,,,,,,,,,,,,,,,,,
AFRO,BOLIVAR,CARTAGENA DE INDIAS,LA BOQUILLA,MARLINDA,,,,SOLICITADO,DIR. ASUNTOS ETNICOS AGENCIA NACIONAL TIERRAS,,,,,,,,,,,,,,,,,,,
AFRO,BOLIVAR,CARTAGENA DE INDIAS,PUERTO REY,,,,,SOLICITADO,DIR. ASUNTOS ETNICOS AGENCIA NACIONAL TIERRAS,,,,,,,,,,,,,,,,,,,
AFRO,BOLIVAR,CARTAGENA DE INDIAS,ARARCA,,,,,SOLICITADO,DIR. ASUNTOS ETNICOS AGENCIA NACIONAL TIERRAS,,,,,,,,,,,,,,,,,,,
AFRO,BOLIVAR,CARTAGENA DE INDIAS,ARROYO DE LAS CANOAS,,,,,SOLICITADO,DIR. ASUNTOS ETNICOS AGENCIA NACIONAL TIERRAS,,,,,,,,,,,,,,,,,,,
AFRO,BOLIVAR,CARTAGENA DE INDIAS,ARROYODE PIEDRA,,,,,SOLICITADO,DIR. ASUNTOS ETNICOS AGENCIA NACIONAL TIERRAS,,,,,,,,,,,,,,,,,,,
AFRO,BOLIVAR,CARTAGENA DE INDIAS,PASACABALLOS,,,,,SOLICITADO,DIR. ASUNTOS ETNICOS AGENCIA NACIONAL TIERRAS,,,,,,,,,,,,,,,,,,,
AFRO,BOLIVAR,CARTAGENA DE INDIAS,BAYUNCA,,,,,SOLICITADO,DIR. ASUNTOS ETNICOS AGENCIA NACIONAL TIERRAS,,,,,,,,,,,,,,,,,,,
AFRO,BOLIVAR,CARTAGENA DE INDIAS,PONTEZUELA ,ALIANZA CAMPOALEGRE,,,,SOLICITADO,DIR. ASUNTOS ETNICOS AGENCIA NACIONAL TIERRAS,,,,,,,,,,,,,,,,,,,
AFRO,BOLIVAR,CARTAGENA DE INDIAS,PUNTA CANOA,,,,,SOLICITADO,DIR. ASUNTOS ETNICOS AGENCIA NACIONAL TIERRAS,,,,,,,,,,,,,,,,,,,
AFRO,BOLIVAR,CARTAGENA DE INDIAS,LA BOQUILLA,TIERRABAJA,,,,OTORGADO,AMBOS,369,29/11/2016,357,21.2367,1184,,,,,,,,,,,,,,
AFRO,BOLIVAR,CARTAGENA DE INDIAS,TIERRABOMBA,,,,,SOLICITADO,DIR. ASUNTOS ETNICOS AGENCIA NACIONAL TIERRAS,,,,,,,,,,,,,,,,,,,
AFRO,BOLIVAR,CARTAGENA DE INDIAS,LA BOQUILLA,VILLAGLORIA,,,,SOLICITADO,AMBOS,,,,,,,,,,,,,,,,,,,
AFRO,BOLIVAR,CARTAGENA DE INDIAS,ISLA FUERTE,,,,,SOLICITADO,DIR. ASUNTOS ETNICOS AGENCIA NACIONAL TIERRAS,,,,,,,,,,,,,,,,,,,
AFRO,BOLIVAR,CARTAGENA DE INDIAS,ISLAS DEL ROSARIO,ORIKA,,,,OTORGADO,DIR. ASUNTOS ETNICOS AGENCIA NACIONAL TIERRAS,3393,08/05/2014,319,100.576,1095,,,,,,,,,,,,,,
AFRO,BOLIVAR,CARTAGENA DE INDIAS,ISLOTE DE SAN BERNARDO,,,,,SOLICITADO,DIR. ASUNTOS ETNICOS AGENCIA NACIONAL TIERRAS,,,,,,,,,,,,,,,,,,,
AFRO,BOLIVAR,CARTAGENA DE INDIAS,LETICIA,,,,,SOLICITADO,DIR. ASUNTOS ETNICOS AGENCIA NACIONAL TIERRAS,,,,,,,,,,,,,,,,,,,
AFRO,BOLIVAR,CARTAGENA DE INDIAS,,,,,,,"DIRECCION DE ASUNTOS PARA COMUNIDADES NEGRAS, AFROSCOLOMBIANAS, RAIZALES Y PALENQUERAS DEL MININTERIOR",,,,,,,,,,,,,,,,,,,
AFRO,BOLIVAR,CARTAGENA DE INDIAS,,,,,,,"DIRECCION DE ASUNTOS PARA COMUNIDADES NEGRAS, AFROSCOLOMBIANAS, RAIZALES Y PALENQUERAS DEL MININTERIOR",,,,,,,,,,,,,,,,,,,
AFRO,BOLIVAR,CARTAGENA DE INDIAS,CANO DEL ORO,,,,,OTORGADO,AMBOS,1963,12/6/2017,800,94.9474,3400,,,,,,,,,,,,,,
AFRO,BOLIVAR,GUAMO,ROBLES ALMIRANTE PADILLA,,,,,SOLICITADO,DIR. ASUNTOS ETNICOS AGENCIA NACIONAL TIERRAS,,,,,,,,,,,,,,,,,,,
AFRO,BOLIVAR,MAHATES,SAN BASILIO DE PALENQUE,MAKANKAMANA,,,,OTORGADO,AMBOS,466,3/30/2012,927,3353.9957,5307,,,,,,,,,,,,,,
AFRO,BOLIVAR,MAHATES,GAMERO,,,,,SOLICITADO,DIR. ASUNTOS ETNICOS AGENCIA NACIONAL TIERRAS,,,,,,,,,,,,,,,,,,,
AFRO,BOLIVAR,MARGARITA,BANTU,,,,,SOLICITADO,DIR. ASUNTOS ETNICOS AGENCIA NACIONAL TIERRAS,,,,,,,,,,,,,,,,,,,
INDIGENA,BOLIVAR,MARIALABAJA,RETIRO NUEVO,(NUEVO PORVENIR),ZENU,,,,,,,,,,,,,,,,,,,,,,,
INDIGENA,BOLIVAR,MARIALABAJA,LA PISTA,,ZENU,,,,,,,,,,,,,,,,,,,,,,,
AFRO,BOLIVAR,MARIALABAJA,,"Flamenco, Nispero, Retironuevo, Hormigasa",,,,,"DIRECCION DE ASUNTOS PARA COMUNIDADES NEGRAS, AFROSCOLOMBIANAS, RAIZALES Y PALENQUERAS DEL MININTERIOR",,,,,,,,,,,,,,,,,,,
AFRO,BOLIVAR,MONTECRISTO,CONSEJO COMUNITARIO TARACHICA,,,,,SOLICITADO,DIR. ASUNTOS ETNICOS AGENCIA NACIONAL TIERRAS,,,,,,,,,,,,,,,,,,,
AFRO,BOLIVAR,MONTECRISTO/ SANTA ROSA,ALTO CARIBONA,,,,,SOLICITADO,DIR. ASUNTOS ETNICOS AGENCIA NACIONAL TIERRAS,,,,,,,,,,,,,,,,,,,
AFRO,BOLIVAR,SAN ANTONIO,BENKOS BIOHO,,,,,SOLICITADO,DIR. ASUNTOS ETNICOS AGENCIA NACIONAL TIERRAS,,,,,,,,,,,,,,,,,,,
AFRO,BOLIVAR,SAN JACINTO,ELADIO ARIZA,,,,,SOLICITADO,DIR. ASUNTOS ETNICOS AGENCIA NACIONAL TIERRAS,,,,,,,,,,,,,,,,,,,
AFRO,BOLIVAR,SAN JACINTO,SANTO MADERO DEL PARAISO,,,,,SOLICITADO,DIR. ASUNTOS ETNICOS AGENCIA NACIONAL TIERRAS,,,,,,,,,,,,,,,,,,,
AFRO,BOLIVAR,SAN JACINTO,SAN CRISTOBAL,"Rivero, Solavanda, Arroyo de Matia, Paso de Cana",,,,,"DIRECCION DE ASUNTOS PARA COMUNIDADES NEGRAS, AFROSCOLOMBIANAS, RAIZALES Y PALENQUERAS DEL MININTERIOR",,,,,,,,,,,,,,,,,,,
AFRO,BOLIVAR,SANTA CATALINA,AMANZAGUAPOS ,,,,,SOLICITADO ,DIR. ASUNTOS ETNICOS AGENCIA NACIONAL TIERRAS,,,,,,,,,,,,,,,,,,,
AFRO,BOLIVAR,SANTA CATALINA,GALERAZAMBA,,,,,SOLICITADO ,DIR. ASUNTOS ETNICOS AGENCIA NACIONAL TIERRAS,,,,,,,,,,,,,,,,,,,
AFRO,BOLIVAR,SANTA CATALINA,"LOMARENA, PUEBLONUEVO, HOBO, SANTA CATALINA, COLORADO",,,,,,"DIRECCION DE ASUNTOS PARA COMUNIDADES NEGRAS, AFROSCOLOMBIANAS, RAIZALES Y PALENQUERAS DEL MININTERIOR",,,,,,,,,,,,,,,,,,,
AFRO,BOLIVAR,SANTA LUCIA,(NELSON MANDELA),,,,,SOLICITADO,DIR. ASUNTOS ETNICOS AGENCIA NACIONAL TIERRAS,,,,,,,,,,,,,,,,,,,
AFRO,BOLIVAR,SANTA ROSA DEL SUR,GUAMOCO,,,,,SOLICITADO,DIR. ASUNTOS ETNICOS AGENCIA NACIONAL TIERRAS,,,,,,,,,,,,,,,,,,,
AFRO,BOLIVAR,TIQUISIO,CONSEJO COMUNITARIO DE TIQUISIO,,,,,SOLICITADO,DIR. ASUNTOS ETNICOS AGENCIA NACIONAL TIERRAS,,,,,,,,,,,,,,,,,,,
AFRO,BOLIVAR,TURBANA,LOMAS DE MATUNILLA,,,,,SOLICITADO,DIR. ASUNTOS ETNICOS AGENCIA NACIONAL TIERRAS,,,,,,,,,,,,,,,,,,,
INDIGENA,CESAR,BECERRIL,CAMPOALEGRE,,WIWA- ARZARIO,,,,,,,,,,,,,,,,,,,,,,,
AFRO,CESAR,CHIMICHAGUA,AMADA CABAS GUTIERREZ,,,,,SOLICITADO,DIR. ASUNTOS ETNICOS AGENCIA NACIONAL TIERRAS,,,,,,,,,,,,,,,,,,,
AFRO,CESAR,CHIRIGUANA ,(MODESTA GUZMAN),,,,,SOLICITADO,DIR. ASUNTOS ETNICOS AGENCIA NACIONAL TIERRAS,,,,,,,,,,,,,,,,,,,
AFRO,CESAR,CHIRIGUANA/VALLEDUPAR,"LA SIERRA, EL CRUCE Y LA ESTACION",,,,,SOLICITADO,DIR. ASUNTOS ETNICOS AGENCIA NACIONAL TIERRAS,,,,,,,,,,,,,,,,,,,
AFRO,CESAR,CODAZZI,,IBERIA,,,,SOLICITADO,DIR. ASUNTOS ETNICOS AGENCIA NACIONAL TIERRAS,,,,,,,,,,,,,,,,,,,
INDIGENA,CESAR,CODAZZI,IROKA,,YUKPA,,,,,,,,,,,,,,,,,,,,,,,
INDIGENA,CESAR,CODAZZI,MENKUE-MISAYA-LA PISTA,,YUKPA,,,,,,,,,,,,,,,,,,,,,,,
INDIGENA,CESAR,CODAZZI,SOCORPA,,YUKPA,,,,,,,,,,,,,,,,,,,,,,,
INDIGENA,CESAR,COPEY,ETTE ENAKA CHIMILA,,CHIMILA,,,,,,,,,,,,,,,,,,,,,,,
AFRO,CESAR,EL PASO,LA LOMA DE CALENTURA,(JULIO CESAR ALTAMAR MUNOZ),,7,1 Jan 2014,SOLICITADO,AMBOS,,,,,,,,,,,,,,,,,,,
AFRO,CESAR,EL PASO,ALEJO DURAN,,,,,SOLICITADO,DIR. ASUNTOS ETNICOS AGENCIA NACIONAL TIERRAS,,,,,,,,,,,,,,,,,,,
AFRO,CESAR,GAMARRA,MARTIN PESCADOR,,,,,SOLICITADO,DIR. ASUNTOS ETNICOS AGENCIA NACIONAL TIERRAS,,,,,,,,,,,,,,,,,,,
AFRO,CESAR,LA JAGUA DE IBIRICO,LA PALMITA (COAFROPAL),,,40,22 May 2013,SOLICITADO,AMBOS,,,,,,,,,,,,,,,,,,,
AFRO,CESAR,LA JAGUA DE IBIRICO,(COACNEJA),,,45,4 June 2013,SOLICITADO,DIR. ASUNTOS ETNICOS AGENCIA NACIONAL TIERRAS,,,,,,,,,,,,,,,,,,,
AFRO,CESAR,LA JAGUA DE IBIRICO,,(COAFROVIS),,,,SOLICITADO,DIR. ASUNTOS ETNICOS AGENCIA NACIONAL TIERRAS,,,,,,,,,,,,,,,,,,,
INDIGENA,CESAR,LA PAZ,CANO PADILLA,,YUKPA,,,,,,,,,,,,,,,,,,,,,,,
INDIGENA,CESAR,LA PAZ,"EL ROSARIO, BELLAVISTA Y YUCATAN",,YUKPA,,,,,,,,,,,,,,,,,,,,,,,
INDIGENA,CESAR,LA PAZ,LA LAGUNA,,YUKPA,,,,,,,,,,,,,,,,,,,,,,,
INDIGENA,CESAR,LA PAZ,EL COSO,,YUKPA,,,,,,,,,,,,,,,,,,,,,,,
INDIGENA,CESAR,LA PAZ,CINCO CAMINOS,,YUKPA,,,,,,,,,,,,,,,,,,,,,,,
AFRO,CESAR,VALLEDUPAR,,"(ARCILLA, CARDON Y TUNA)",,3,14 Jan 2014,SOLICITADO,AMBOS,,,,,,,,,,,,,,,,,,,
AFRO,CESAR,VALLEDUPAR,EL PERRO,(CARLOTA REDONDO DE ALVAREZ),,5,14 Jan 2014,SOLICITADO,AMBOS,,,,,,,,,,,,,,,,,,,
AFRO,CESAR,VALLEDUPAR,GUACOCHE,(LOS CARDONALES),,2,14 Jan 2014,SOLICITADO,AMBOS,,,,,,,,,,,,,,,,,,,
AFRO,CESAR,VALLEDUPAR,CARACOLI,(EUSEBIO AYALA),,,,SOLICITADO,DIR. ASUNTOS ETNICOS AGENCIA NACIONAL TIERRAS,,,,,,,,,,,,,,,,,,,
AFRO,CESAR,VALLEDUPAR,,(JOSE PRUDENCIO PADILLA),,1,14 Jan 2014,SOLICITADO,AMBOS,,,,,,,,,,,,,,,,,,,
AFRO,CESAR,VALLEDUPAR,,(MANUEL SALVADOR SUAREZ ALMENARES),,6,14 Jan 2014,SOLICITADO,AMBOS,,,,,,,,,,,,,,,,,,,
AFRO,CESAR,VALLEDUPAR,,(MARCELINO OCHOA ALVAREZ CATELO),,8,15 Jan 2014,SOLICITADO,AMBOS,,,,,,,,,,,,,,,,,,,
AFRO,CESAR,VALLEDUPAR,"(JOSE AGUSTIN ALMAN/ AREZ COYANTES ""COCONECAM"")",CAMPERUCHO,,,,SOLICITADO,DIR. ASUNTOS ETNICOS AGENCIA NACIONAL TIERRAS,,,,,,,,,,,,,,,,,,,
INDIGENA,CESAR,VALLEDUPAR,(ARHUACO DE LA SIERRA NEVADA),,ARHUACO,,,,,,,,,,,,,,,,,,,,,,,
INDIGENA,CESAR,VALLEDUPAR,PUEBLO BELLO,(BUSINCHAMA),ARHUACO,,,,,,,,,,,,,,,,,,,,,,,
INDIGENA,CESAR,VALLEDUPAR,KANKUAMO,,KANKUAMO,,,,,,,,,,,,,,,,,,,,,,,
INDIGENA,CESAR,VALLEDUPAR,KOGUI-MALAYO-ARHUACO,,KOGUI-MALAYO-ARHUACO,,,,,,,,,,,,,,,,,,,,,,,
INDIGENA,CORDOBA,CHIMA,SAN ANDRES DE SOTAVENTO,,ZENU,,,,,,,,,,,,,,,,,,,,,,,
INDIGENA,CORDOBA,CHIMA,SAN ANDRES DE SOTAVENTO,DIECISIETE DE JUNIO,ZENU,,,,,,,,,,,,,,,,,,,,,,,
INDIGENA,CORDOBA,CHINU,AGUAS VIVAS,,ZENU,,,,,,,,,,,,,,,,,,,,,,,
AFRO,CORDOBA,MONITOS,CUENCA DEL RIO BROQUELES,,,118,23 Sep 2013,,"DIRECCION DE ASUNTOS PARA COMUNIDADES NEGRAS, AFROSCOLOMBIANAS, RAIZALES Y PALENQUERAS DEL MININTERIOR",,,,,,,,,,,,,,,,,,,
INDIGENA,CORDOBA,PUEBLO NUEVO,EL CONTENTO,,ZENU,,,,,,,,,,,,,,,,,,,,,,,
INDIGENA,CORDOBA,PUEBLO NUEVO,EL CORRAL,,ZENU,,,,,,,,,,,,,,,,,,,,,,,
AFRO,CORDOBA,SAN ANTERO,MANUEL ZAPATA OLIVELLA,,,2,7 Feb 2013,,"DIRECCION DE ASUNTOS PARA COMUNIDADES NEGRAS, AFROSCOLOMBIANAS, RAIZALES Y PALENQUERAS DEL MININTERIOR",,,,,,,,,,,,,,,,,,,
AFRO,CORDOBA,SAN JOSE DE URE,BOCAS DE URE ,(EDUARDO MARCELO),,58,11 June 2013,,"DIRECCION DE ASUNTOS PARA COMUNIDADES NEGRAS, AFROSCOLOMBIANAS, RAIZALES Y PALENQUERAS DEL MININTERIOR",,,,,,,,,,,,,,,,,,,
AFRO,CORDOBA,TIERRALTA,MPUI,CONCOARAPIOS,,426,22 Aug 2012,,"DIRECCION DE ASUNTOS PARA COMUNIDADES NEGRAS, AFROSCOLOMBIANAS, RAIZALES Y PALENQUERAS DEL MININTERIOR",,,,,,,,,,,,,,,,,,,
INDIGENA,CORDOBA,TIERRALTA ITUANGO,"ALTO SINU, ESMERALDA, CRUZ GRANDE E IWAGADO (HOY EMBERA KATIO DEL ALTO SINU)",,EMBERA KATIO,,,,,,,,,,,,,,,,,,,,,,,
INDIGENA,CORDOBA,TIERRALTA ITUANGO,"ALTO SINU, ESMERALDA, CRUZ GRANDE E IWAGADO (HOY EMBERA KATIO DEL ALTO SINU)",DOZA (CRISTO) RIO VERDE,EMBERA KATIO,,,,,,,,,,,,,,,,,,,,,,,
INDIGENA,CORDOBA,TIERRALTA ITUANGO,"ALTO SINU, ESMERALDA, CRUZ GRANDE E IWAGADO (HOY EMBERA KATIO DEL ALTO SINU)",TUNDO (FORTUNA) RIO VERDE,EMBERA KATIO,,,,,,,,,,,,,,,,,,,,,,,
INDIGENA,CORDOBA,TIERRALTA ITUANGO,"ALTO SINU, ESMERALDA, CRUZ GRANDE E IWAGADO (HOY EMBERA KATIO DEL ALTO SINU)",PAWARANDO (PANICO) RIO VERDE,EMBERA KATIO,,,,,,,,,,,,,,,,,,,,,,,
INDIGENA,CORDOBA,TIERRALTA ITUANGO,"ALTO SINU, ESMERALDA, CRUZ GRANDE E IWAGADO (HOY EMBERA KATIO DEL ALTO SINU)",ARIZA (BRIGIDO) RIO VERDE,EMBERA KATIO,,,,,,,,,,,,,,,,,,,,,,,
INDIGENA,CORDOBA,TIERRALTA ITUANGO,"ALTO SINU, ESMERALDA, CRUZ GRANDE E IWAGADO (HOY EMBERA KATIO DEL ALTO SINU)",PORREMIA (CHOCO) RIO VERDE,EMBERA KATIO,,,,,,,,,,,,,,,,,,,,,,,
INDIGENA,CORDOBA,TIERRALTA ITUANGO,"ALTO SINU, ESMERALDA, CRUZ GRANDE E IWAGADO (HOY EMBERA KATIO DEL ALTO SINU)",IMAMADO (TIGRE) RIO VERDE,EMBERA KATIO,,,,,,,,,,,,,,,,,,,,,,,
INDIGENA,CORDOBA,TIERRALTA ITUANGO,"ALTO SINU, ESMERALDA, CRUZ GRANDE E IWAGADO (HOY EMBERA KATIO DEL ALTO SINU)",ZORANDO (ISLETA) RIO VERDE,EMBERA KATIO,,,,,,,,,,,,,,,,,,,,,,,
INDIGENA,CORDOBA,TIERRALTA ITUANGO,"ALTO SINU, ESMERALDA, CRUZ GRANDE E IWAGADO (HOY EMBERA KATIO DEL ALTO SINU)",AMBORROMIA SINU,EMBERA KATIO,,,,,,,,,,,,,,,,,,,,,,,
INDIGENA,CORDOBA,TIERRALTA ITUANGO,"ALTO SINU, ESMERALDA, CRUZ GRANDE E IWAGADO (HOY EMBERA KATIO DEL ALTO SINU)",NAWA SINU,EMBERA KATIO,,,,,,,,,,,,,,,,,,,,,,,
INDIGENA,CORDOBA,TIERRALTA ITUANGO,"ALTO SINU, ESMERALDA, CRUZ GRANDE E IWAGADO (HOY EMBERA KATIO DEL ALTO SINU)",MONGARATATADO (MUTATA) SINU,EMBERA KATIO,,,,,,,,,,,,,,,,,,,,,,,
INDIGENA,CORDOBA,TIERRALTA ITUANGO,"ALTO SINU, ESMERALDA, CRUZ GRANDE E IWAGADO (HOY EMBERA KATIO DEL ALTO SINU)",ZAMBUDO (TOTUMA) SINU,EMBERA KATIO,,,,,,,,,,,,,,,,,,,,,,,
INDIGENA,CORDOBA,TIERRALTA ITUANGO,"ALTO SINU, ESMERALDA, CRUZ GRANDE E IWAGADO (HOY EMBERA KATIO DEL ALTO SINU)",KOREDO (CAIMAN) SINU,EMBERA KATIO,,,,,,,,,,,,,,,,,,,,,,,
INDIGENA,CORDOBA,TIERRALTA ITUANGO,"ALTO SINU, ESMERALDA, CRUZ GRANDE E IWAGADO (HOY EMBERA KATIO DEL ALTO SINU)",KAPUPUDO (CANDELARIA) SINU,EMBERA KATIO,,,,,,,,,,,,,,,,,,,,,,,
INDIGENA,CORDOBA,TIERRALTA ITUANGO,"ALTO SINU, ESMERALDA, CRUZ GRANDE E IWAGADO (HOY EMBERA KATIO DEL ALTO SINU)",CHANGARA (SOCORRO) SINU,EMBERA KATIO,,,,,,,,,,,,,,,,,,,,,,,
INDIGENA,CORDOBA,TIERRALTA ITUANGO,"ALTO SINU, ESMERALDA, CRUZ GRANDE E IWAGADO (HOY EMBERA KATIO DEL ALTO SINU)",KIPARADO (CRUZ GRANDE) QUEBRADA CRUZ GRANDE,EMBERA KATIO,,,,,,,,,,,,,,,,,,,,,,,
INDIGENA,CORDOBA,TIERRALTA ITUANGO,"ALTO SINU, ESMERALDA, CRUZ GRANDE E IWAGADO (HOY EMBERA KATIO DEL ALTO SINU)","BEGUIDO, ESMERALDA",EMBERA KATIO,,,,,,,,,,,,,,,,,,,,,,,
INDIGENA,CORDOBA,TIERRALTA ITUANGO,"ALTO SINU, ESMERALDA, CRUZ GRANDE E IWAGADO (HOY EMBERA KATIO DEL ALTO SINU)",KACHICHI (CACHICHI) ESMERALDA,EMBERA KATIO,,,,,,,,,,,,,,,,,,,,,,,
AFRO,MAGDALENA,ARACATACA,(JACOBO PEREZ ESCOBAR),,,360,22 Jan 2011,SOLICITADO,AMBOS,,,,,,,,,,,,,,,,,,,
AFRO,MAGDALENA,ARIGUANI,TORRENTE DEL ARIGUANI,,,,,SOLICITADO,DIR. ASUNTOS ETNICOS AGENCIA NACIONAL TIERRAS,,,,,,,,,,,,,,,,,,,
AFRO,MAGDALENA,BANCO,(FELIZ GALAN PADILLA),,,,,SOLICITADO,DIR. ASUNTOS ETNICOS AGENCIA NACIONAL TIERRAS,,,,,,,,,,,,,,,,,,,
AFRO,MAGDALENA,EL RETEN,(FERNANDO RIOS HIDALGO),,,,,SOLICITADO,DIR. ASUNTOS ETNICOS AGENCIA NACIONAL TIERRAS,,,,,,,,,,,,,,,,,,,
AFRO,MAGDALENA,EL RETEN,,,,79,11 Nov 2014,,"DIRECCION DE ASUNTOS PARA COMUNIDADES NEGRAS, AFROSCOLOMBIANAS, RAIZALES Y PALENQUERAS DEL MININTERIOR",,,,,,,,,,,,,,,,,,,
AFRO,MAGDALENA,EL RETEN,ASOSERVIVIR,,,,,SOLICITADO,DIR. ASUNTOS ETNICOS AGENCIA NACIONAL TIERRAS,,,,,,,,,,,,,,,,,,,
AFRO,MAGDALENA,EL RETEN,(JOSE ISABEL HERAZO MARQUEZ),,,,,SOLICITADO,DIR. ASUNTOS ETNICOS AGENCIA NACIONAL TIERRAS,,,,,,,,,,,,,,,,,,,
AFRO,MAGDALENA,EL RETEN,,,,106,11 Nov 2014,,"DIRECCION DE ASUNTOS PARA COMUNIDADES NEGRAS, AFROSCOLOMBIANAS, RAIZALES Y PALENQUERAS DEL MININTERIOR",,,,,,,,,,,,,,,,,,,
AFRO,MAGDALENA,FUNDACION,OBATALA,,,,,OTORGADO,DIR. ASUNTOS ETNICOS AGENCIA NACIONAL TIERRAS,1310,13/03/2014,35,429.9243,125,,,,,,,,,,,,,,
AFRO,MAGDALENA,FUNDACION,CONCAFUM,,,,,SOLICITADO,DIR. ASUNTOS ETNICOS AGENCIA NACIONAL TIERRAS,,,,,,,,,,,,,,,,,,,
AFRO,MAGDALENA,FUNDACION,,,,27,18 April 2013,,"DIRECCION DE ASUNTOS PARA COMUNIDADES NEGRAS, AFROSCOLOMBIANAS, RAIZALES Y PALENQUERAS DEL MININTERIOR",,,,,,,,,,,,,,,,,,,
AFRO,MAGDALENA,PIVIJAY,ESTACION SEVILLA 16 DE JULIO,,,,,SOLICITADO,DIR. ASUNTOS ETNICOS AGENCIA NACIONAL TIERRAS,,,,,,,,,,,,,,,,,,,
AFRO,MAGDALENA,PLATO,MANE ARRIETA,,,,,SOLICITADO,DIR. ASUNTOS ETNICOS AGENCIA NACIONAL TIERRAS,,,,,,,,,,,,,,,,,,,
AFRO,MAGDALENA,PUEBLO VIEJO,(COCONADERIA),,,,,SOLICITADO,DIR. ASUNTOS ETNICOS AGENCIA NACIONAL TIERRAS,,,,,,,,,,,,,,,,,,,
AFRO,MAGDALENA,PUEBLO VIEJO,,,,80,11 Nov 2014,,"DIRECCION DE ASUNTOS PARA COMUNIDADES NEGRAS, AFROSCOLOMBIANAS, RAIZALES Y PALENQUERAS DEL MININTERIOR",,,,,,,,,,,,,,,,,,,
AFRO,MAGDALENA,PUEBLO VIEJO,(RINCON GUAPO LO VERAN),,,,,SOLICITADO,DIR. ASUNTOS ETNICOS AGENCIA NACIONAL TIERRAS,,,,,,,,,,,,,,,,,,,
AFRO,MAGDALENA,PUEBLO VIEJO,,,,376,10 June 2011,,"DIRECCION DE ASUNTOS PARA COMUNIDADES NEGRAS, AFROSCOLOMBIANAS, RAIZALES Y PALENQUERAS DEL MININTERIOR",,,,,,,,,,,,,,,,,,,
AFRO,MAGDALENA,SABANAS DE SAN ANGEL,SABANAS DE SAN ANGEL,,,,,SOLICITADO,DIR. ASUNTOS ETNICOS AGENCIA NACIONAL TIERRAS,,,,,,,,,,,,,,,,,,,
AFRO,MAGDALENA,ZONA BANANERA,(CONCOMORI),,,81,11 Nov 2014,SOLICITADO,AMBOS,,,,,,,,,,,,,,,,,,,
AFRO,MAGDALENA,ZONA BANANERA,(GUACAMAYAL),,,392,2 Dec 2011,SOLICITADO,AMBOS,,,,,,,,,,,,,,,,,,,
AFRO,MAGDALENA,ZONA BANANERA,(SEVILLA),,,215,23 Aug 2016,SOLICITADO,AMBOS,,,,,,,,,,,,,,,,,,,
AFRO,MAGDALENA,ZONA BANANERA,(TUCURINCA),,,,,SOLICITADO,DIR. ASUNTOS ETNICOS AGENCIA NACIONAL TIERRAS,,,,,,,,,,,,,,,,,,,
AFRO,MAGDALENA,,ALEJANDRO CHIQUILLO MENDOZA,,,,,SOLICITADO,DIR. ASUNTOS ETNICOS AGENCIA NACIONAL TIERRAS,,,,,,,,,,,,,,,,,,,
AFRO,SUCRE,TOLUVIEJO,SOCOLANDO,,,,,SOLICITADO,DIR. ASUNTOS ETNICOS AGENCIA NACIONAL TIERRAS,,,,,,,,,,,,,,,,,,,
,,,,,,,,,,,,,,,,,,,,,,,,,,,,
,,,,,,,,,,,,,,,,,,,,,,,,,,,,
,,,,,,,,,,,,,,,,,,,,,,,,,,,,
,,,,,,,,,,,,,,,,,,,,,,,,,,,,
,,,,,,,,,,,,,,,,,,,,,,,,,,,,
,,,,,,,,,,,,,,,,,,,,,,,,,,,,
,,,,,,,,,,,,,,,,,,,,,,,,,,,,
,,,,,,,,,,,,,,,,,,,,,,,,,,,,
,,,,,,,,,,,,,,,,,,,,,,,,,,,,
,,,,,,,,,,,,,,,,,,,,,,,,,,,,
,,,,,,,,,,,,,,,,,,,,,,,,,,,,
,,,,,,,,,,,,,,,,,,,,,,,,,,,,
,,,,,,,,,,,,,,,,,,,,,,,,,,,,
,,,,,,,,,,,,,,,,,,,,,,,,,,,,
,,,,,,,,,,,,,,,,,,,,,,,,,,,,
,,,,,,,,,,,,,,,,,,,,,,,,,,,,
,,,,,,,,,,,,,,,,,,,,,,,,,,,,
,,,,,,,,,,,,,,,,,,,,,,,,,,,,
,,,,,,,,,,,,,,,,,,,,,,,,,,,,
,,,,,,,,,,,,,,,,,,,,,,,,,,,,
,,,,,,,,,,,,,,,,,,,,,,,,,,,,
,,,,,,,,,,,,,,,,,,,,,,,,,,,,
,,,,,,,,,,,,,,,,,,,,,,,,,,,,
,,,,,,,,,,,,,,,,,,,,,,,,,,,,
,,,,,,,,,,,,,,,,,,,,,,,,,,,,
,,,,,,,,,,,,,,,,,,,,,,,,,,,,
,,,,,,,,,,,,,,,,,,,,,,,,,,,,
,,,,,,,,,,,,,,,,,,,,,,,,,,,,
,,,,,,,,,,,,,,,,,,,,,,,,,,,,
,,,,,,,,,,,,,,,,,,,,,,,,,,,,
,,,,,,,,,,,,,,,,,,,,,,,,,,,,
,,,,,,,,,,,,,,,,,,,,,,,,,,,,
,,,,,,,,,,,,,,,,,,,,,,,,,,,,
,,,,,,,,,,,,,,,,,,,,,,,,,,,,
,,,,,,,,,,,,,,,,,,,,,,,,,,,,
,,,,,,,,,,,,,,,,,,,,,,,,,,,,
,,,,,,,,,,,,,,,,,,,,,,,,,,,,
,,,,,,,,,,,,,,,,,,,,,,,,,,,,
,,,,,,,,,,,,,,,,,,,,,,,,,,,,
,,,,,,,,,,,,,,,,,,,,,,,,,,,,
,,,,,,,,,,,,,,,,,,,,,,,,,,,,
,,,,,,,,,,,,,,,,,,,,,,,,,,,,
,,,,,,,,,,,,,,,,,,,,,,,,,,,,
,,,,,,,,,,,,,,,,,,,,,,,,,,,,
,,,,,,,,,,,,,,,,,,,,,,,,,,,,
,,,,,,,,,,,,,,,,,,,,,,,,,,,,
,,,,,,,,,,,,,,,,,,,,,,,,,,,,
,,,,,,,,,,,,,,,,,,,,,,,,,,,,
,,,,,,,,,,,,,,,,,,,,,,,,,,,,
,,,,,,,,,,,,,,,,,,,,,,,,,,,,
,,,,,,,,,,,,,,,,,,,,,,,,,,,,
,,,,,,,,,,,,,,,,,,,,,,,,,,,,
,,,,,,,,,,,,,,,,,,,,,,,,,,,,
,,,,,,,,,,,,,,,,,,,,,,,,,,,,
,,,,,,,,,,,,,,,,,,,,,,,,,,,,
,,,,,,,,,,,,,,,,,,,,,,,,,,,,
,,,,,,,,,,,,,,,,,,,,,,,,,,,,
,,,,,,,,,,,,,,,,,,,,,,,,,,,,
,,,,,,,,,,,,,,,,,,,,,,,,,,,,
,,,,,,,,,,,,,,,,,,,,,,,,,,,,
,,,,,,,,,,,,,,,,,,,,,,,,,,,,
,,,,,,,,,,,,,,,,,,,,,,,,,,,,
,,,,,,,,,,,,,,,,,,,,,,,,,,,,
,,,,,,,,,,,,,,,,,,,,,,,,,,,,
,,,,,,,,,,,,,,,,,,,,,,,,,,,,
,,,,,,,,,,,,,,,,,,,,,,,,,,,,
,,,,,,,,,,,,,,,,,,,,,,,,,,,,
,,,,,,,,,,,,,,,,,,,,,,,,,,,,
,,,,,,,,,,,,,,,,,,,,,,,,,,,,
,,,,,,,,,,,,,,,,,,,,,,,,,,,,
,,,,,,,,,,,,,,,,,,,,,,,,,,,,
,,,,,,,,,,,,,,,,,,,,,,,,,,,,
,,,,,,,,,,,,,,,,,,,,,,,,,,,,
,,,,,,,,,,,,,,,,,,,,,,,,,,,,
,,,,,,,,,,,,,,,,,,,,,,,,,,,,
,,,,,,,,,,,,,,,,,,,,,,,,,,,,
,,,,,,,,,,,,,,,,,,,,,,,,,,,,
,,,,,,,,,,,,,,,,,,,,,,,,,,,,
,,,,,,,,,,,,,,,,,,,,,,,,,,,,
,,,,,,,,,,,,,,,,,,,,,,,,,,,,
,,,,,,,,,,,,,,,,,,,,,,,,,,,,
,,,,,,,,,,,,,,,,,,,,,,,,,,,,
,,,,,,,,,,,,,,,,,,,,,,,,,,,,
,,,,,,,,,,,,,,,,,,,,,,,,,,,,
,,,,,,,,,,,,,,,,,,,,,,,,,,,,
,,,,,,,,,,,,,,,,,,,,,,,,,,,,
,,,,,,,,,,,,,,,,,,,,,,,,,,,,
,,,,,,,,,,,,,,,,,,,,,,,,,,,,
,,,,,,,,,,,,,,,,,,,,,,,,,,,,
,,,,,,,,,,,,,,,,,,,,,,,,,,,,
,,,,,,,,,,,,,,,,,,,,,,,,,,,,
,,,,,,,,,,,,,,,,,,,,,,,,,,,,
,,,,,,,,,,,,,,,,,,,,,,,,,,,,
,,,,,,,,,,,,,,,,,,,,,,,,,,,,
,,,,,,,,,,,,,,,,,,,,,,,,,,,,
,,,,,,,,,,,,,,,,,,,,,,,,,,,,
,,,,,,,,,,,,,,,,,,,,,,,,,,,,
,,,,,,,,,,,,,,,,,,,,,,,,,,,,
,,,,,,,,,,,,,,,,,,,,,,,,,,,,
,,,,,,,,,,,,,,,,,,,,,,,,,,,,
,,,,,,,,,,,,,,,,,,,,,,,,,,,,
,,,,,,,,,,,,,,,,,,,,,,,,,,,,
,,,,,,,,,,,,,,,,,,,,,,,,,,,,
,,,,,,,,,,,,,,,,,,,,,,,,,,,,
,,,,,,,,,,,,,,,,,,,,,,,,,,,,
,,,,,,,,,,,,,,,,,,,,,,,,,,,,
,,,,,,,,,,,,,,,,,,,,,,,,,,,,
,,,,,,,,,,,,,,,,,,,,,,,,,,,,
,,,,,,,,,,,,,,,,,,,,,,,,,,,,
,,,,,,,,,,,,,,,,,,,,,,,,,,,,
,,,,,,,,,,,,,,,,,,,,,,,,,,,,
,,,,,,,,,,,,,,,,,,,,,,,,,,,,
,,,,,,,,,,,,,,,,,,,,,,,,,,,,
,,,,,,,,,,,,,,,,,,,,,,,,,,,,
,,,,,,,,,,,,,,,,,,,,,,,,,,,,
,,,,,,,,,,,,,,,,,,,,,,,,,,,,
,,,,,,,,,,,,,,,,,,,,,,,,,,,,
,,,,,,,,,,,,,,,,,,,,,,,,,,,,
,,,,,,,,,,,,,,,,,,,,,,,,,,,,
,,,,,,,,,,,,,,,,,,,,,,,,,,,,
,,,,,,,,,,,,,,,,,,,,,,,,,,,,
,,,,,,,,,,,,,,,,,,,,,,,,,,,,
,,,,,,,,,,,,,,,,,,,,,,,,,,,,
,,,,,,,,,,,,,,,,,,,,,,,,,,,,
,,,,,,,,,,,,,,,,,,,,,,,,,,,,
,,,,,,,,,,,,,,,,,,,,,,,,,,,,
,,,,,,,,,,,,,,,,,,,,,,,,,,,,
,,,,,,,,,,,,,,,,,,,,,,,,,,,,
,,,,,,,,,,,,,,,,,,,,,,,,,,,,
,,,,,,,,,,,,,,,,,,,,,,,,,,,,
,,,,,,,,,,,,,,,,,,,,,,,,,,,,
,,,,,,,,,,,,,,,,,,,,,,,,,,,,
,,,,,,,,,,,,,,,,,,,,,,,,,,,,
,,,,,,,,,,,,,,,,,,,,,,,,,,,,
,,,,,,,,,,,,,,,,,,,,,,,,,,,,
,,,,,,,,,,,,,,,,,,,,,,,,,,,,
,,,,,,,,,,,,,,,,,,,,,,,,,,,,
,,,,,,,,,,,,,,,,,,,,,,,,,,,,
,,,,,,,,,,,,,,,,,,,,,,,,,,,,
,,,,,,,,,,,,,,,,,,,,,,,,,,,,
,,,,,,,,,,,,,,,,,,,,,,,,,,,,
,,,,,,,,,,,,,,,,,,,,,,,,,,,,
,,,,,,,,,,,,,,,,,,,,,,,,,,,,
,,,,,,,,,,,,,,,,,,,,,,,,,,,,
,,,,,,,,,,,,,,,,,,,,,,,,,,,,
,,,,,,,,,,,,,,,,,,,,,,,,,,,,
,,,,,,,,,,,,,,,,,,,,,,,,,,,,
,,,,,,,,,,,,,,,,,,,,,,,,,,,,
,,,,,,,,,,,,,,,,,,,,,,,,,,,,
,,,,,,,,,,,,,,,,,,,,,,,,,,,,
,,,,,,,,,,,,,,,,,,,,,,,,,,,,
,,,,,,,,,,,,,,,,,,,,,,,,,,,,
,,,,,,,,,,,,,,,,,,,,,,,,,,,,
,,,,,,,,,,,,,,,,,,,,,,,,,,,,
,,,,,,,,,,,,,,,,,,,,,,,,,,,,
,,,,,,,,,,,,,,,,,,,,,,,,,,,,
,,,,,,,,,,,,,,,,,,,,,,,,,,,,
,,,,,,,,,,,,,,,,,,,,,,,,,,,,
,,,,,,,,,,,,,,,,,,,,,,,,,,,,
,,,,,,,,,,,,,,,,,,,,,,,,,,,,
,,,,,,,,,,,,,,,,,,,,,,,,,,,,
,,,,,,,,,,,,,,,,,,,,,,,,,,,,
,,,,,,,,,,,,,,,,,,,,,,,,,,,,
,,,,,,,,,,,,,,,,,,,,,,,,,,,,
,,,,,,,,,,,,,,,,,,,,,,,,,,,,
,,,,,,,,,,,,,,,,,,,,,,,,,,,,
,,,,,,,,,,,,,,,,,,,,,,,,,,,,
,,,,,,,,,,,,,,,,,,,,,,,,,,,,
,,,,,,,,,,,,,,,,,,,,,,,,,,,,
,,,,,,,,,,,,,,,,,,,,,,,,,,,,
,,,,,,,,,,,,,,,,,,,,,,,,,,,,
,,,,,,,,,,,,,,,,,,,,,,,,,,,,
,,,,,,,,,,,,,,,,,,,,,,,,,,,,
,,,,,,,,,,,,,,,,,,,,,,,,,,,,
,,,,,,,,,,,,,,,,,,,,,,,,,,,,
,,,,,,,,,,,,,,,,,,,,,,,,,,,,
,,,,,,,,,,,,,,,,,,,,,,,,,,,,
,,,,,,,,,,,,,,,,,,,,,,,,,,,,
,,,,,,,,,,,,,,,,,,,,,,,,,,,,
,,,,,,,,,,,,,,,,,,,,,,,,,,,,
,,,,,,,,,,,,,,,,,,,,,,,,,,,,
,,,,,,,,,,,,,,,,,,,,,,,,,,,,
,,,,,,,,,,,,,,,,,,,,,,,,,,,,
,,,,,,,,,,,,,,,,,,,,,,,,,,,,
,,,,,,,,,,,,,,,,,,,,,,,,,,,,
,,,,,,,,,,,,,,,,,,,,,,,,,,,,
,,,,,,,,,,,,,,,,,,,,,,,,,,,,
,,,,,,,,,,,,,,,,,,,,,,,,,,,,
,,,,,,,,,,,,,,,,,,,,,,,,,,,,
,,,,,,,,,,,,,,,,,,,,,,,,,,,,
,,,,,,,,,,,,,,,,,,,,,,,,,,,,
,,,,,,,,,,,,,,,,,,,,,,,,,,,,
,,,,,,,,,,,,,,,,,,,,,,,,,,,,
,,,,,,,,,,,,,,,,,,,,,,,,,,,,
,,,,,,,,,,,,,,,,,,,,,,,,,,,,
,,,,,,,,,,,,,,,,,,,,,,,,,,,,
,,,,,,,,,,,,,,,,,,,,,,,,,,,,
,,,,,,,,,,,,,,,,,,,,,,,,,,,,
,,,,,,,,,,,,,,,,,,,,,,,,,,,,
,,,,,,,,,,,,,,,,,,,,,,,,,,,,
,,,,,,,,,,,,,,,,,,,,,,,,,,,,
,,,,,,,,,,,,,,,,,,,,,,,,,,,,
,,,,,,,,,,,,,,,,,,,,,,,,,,,,
,,,,,,,,,,,,,,,,,,,,,,,,,,,,
,,,,,,,,,,,,,,,,,,,,,,,,,,,,
,,,,,,,,,,,,,,,,,,,,,,,,,,,,
,,,,,,,,,,,,,,,,,,,,,,,,,,,,
,,,,,,,,,,,,,,,,,,,,,,,,,,,,
,,,,,,,,,,,,,,,,,,,,,,,,,,,,
,,,,,,,,,,,,,,,,,,,,,,,,,,,,
,,,,,,,,,,,,,,,,,,,,,,,,,,,,
,,,,,,,,,,,,,,,,,,,,,,,,,,,,
,,,,,,,,,,,,,,,,,,,,,,,,,,,,
,,,,,,,,,,,,,,,,,,,,,,,,,,,,
,,,,,,,,,,,,,,,,,,,,,,,,,,,,
,,,,,,,,,,,,,,,,,,,,,,,,,,,,
,,,,,,,,,,,,,,,,,,,,,,,,,,,,
,,,,,,,,,,,,,,,,,,,,,,,,,,,,
,,,,,,,,,,,,,,,,,,,,,,,,,,,,
,,,,,,,,,,,,,,,,,,,,,,,,,,,,
,,,,,,,,,,,,,,,,,,,,,,,,,,,,
,,,,,,,,,,,,,,,,,,,,,,,,,,,,
,,,,,,,,,,,,,,,,,,,,,,,,,,,,
,,,,,,,,,,,,,,,,,,,,,,,,,,,,
,,,,,,,,,,,,,,,,,,,,,,,,,,,,
,,,,,,,,,,,,,,,,,,,,,,,,,,,,
,,,,,,,,,,,,,,,,,,,,,,,,,,,,
,,,,,,,,,,,,,,,,,,,,,,,,,,,,
,,,,,,,,,,,,,,,,,,,,,,,,,,,,
,,,,,,,,,,,,,,,,,,,,,,,,,,,,
,,,,,,,,,,,,,,,,,,,,,,,,,,,,
,,,,,,,,,,,,,,,,,,,,,,,,,,,,
,,,,,,,,,,,,,,,,,,,,,,,,,,,,
,,,,,,,,,,,,,,,,,,,,,,,,,,,,
,,,,,,,,,,,,,,,,,,,,,,,,,,,,
,,,,,,,,,,,,,,,,,,,,,,,,,,,,
,,,,,,,,,,,,,,,,,,,,,,,,,,,,
,,,,,,,,,,,,,,,,,,,,,,,,,,,,
,,,,,,,,,,,,,,,,,,,,,,,,,,,,
,,,,,,,,,,,,,,,,,,,,,,,,,,,,
,,,,,,,,,,,,,,,,,,,,,,,,,,,,
,,,,,,,,,,,,,,,,,,,,,,,,,,,,
,,,,,,,,,,,,,,,,,,,,,,,,,,,,
,,,,,,,,,,,,,,,,,,,,,,,,,,,,
,,,,,,,,,,,,,,,,,,,,,,,,,,,,
,,,,,,,,,,,,,,,,,,,,,,,,,,,,
,,,,,,,,,,,,,,,,,,,,,,,,,,,,
,,,,,,,,,,,,,,,,,,,,,,,,,,,,
,,,,,,,,,,,,,,,,,,,,,,,,,,,,
,,,,,,,,,,,,,,,,,,,,,,,,,,,,
,,,,,,,,,,,,,,,,,,,,,,,,,,,,
,,,,,,,,,,,,,,,,,,,,,,,,,,,,
,,,,,,,,,,,,,,,,,,,,,,,,,,,,
,,,,,,,,,,,,,,,,,,,,,,,,,,,,
,,,,,,,,,,,,,,,,,,,,,,,,,,,,
,,,,,,,,,,,,,,,,,,,,,,,,,,,,
,,,,,,,,,,,,,,,,,,,,,,,,,,,,
,,,,,,,,,,,,,,,,,,,,,,,,,,,,
,,,,,,,,,,,,,,,,,,,,,,,,,,,,
,,,,,,,,,,,,,,,,,,,,,,,,,,,,
,,,,,,,,,,,,,,,,,,,,,,,,,,,,
,,,,,,,,,,,,,,,,,,,,,,,,,,,,
,,,,,,,,,,,,,,,,,,,,,,,,,,,,
,,,,,,,,,,,,,,,,,,,,,,,,,,,,
,,,,,,,,,,,,,,,,,,,,,,,,,,,,
,,,,,,,,,,,,,,,,,,,,,,,,,,,,
,,,,,,,,,,,,,,,,,,,,,,,,,,,,
,,,,,,,,,,,,,,,,,,,,,,,,,,,,
,,,,,,,,,,,,,,,,,,,,,,,,,,,,
,,,,,,,,,,,,,,,,,,,,,,,,,,,,
,,,,,,,,,,,,,,,,,,,,,,,,,,,,
,,,,,,,,,,,,,,,,,,,,,,,,,,,,
,,,,,,,,,,,,,,,,,,,,,,,,,,,,
,,,,,,,,,,,,,,,,,,,,,,,,,,,,
,,,,,,,,,,,,,,,,,,,,,,,,,,,,
,,,,,,,,,,,,,,,,,,,,,,,,,,,,
,,,,,,,,,,,,,,,,,,,,,,,,,,,,
,,,,,,,,,,,,,,,,,,,,,,,,,,,,
,,,,,,,,,,,,,,,,,,,,,,,,,,,,
,,,,,,,,,,,,,,,,,,,,,,,,,,,,
,,,,,,,,,,,,,,,,,,,,,,,,,,,,
,,,,,,,,,,,,,,,,,,,,,,,,,,,,
,,,,,,,,,,,,,,,,,,,,,,,,,,,,
,,,,,,,,,,,,,,,,,,,,,,,,,,,,
,,,,,,,,,,,,,,,,,,,,,,,,,,,,
,,,,,,,,,,,,,,,,,,,,,,,,,,,,
,,,,,,,,,,,,,,,,,,,,,,,,,,,,
,,,,,,,,,,,,,,,,,,,,,,,,,,,,
,,,,,,,,,,,,,,,,,,,,,,,,,,,,
,,,,,,,,,,,,,,,,,,,,,,,,,,,,
,,,,,,,,,,,,,,,,,,,,,,,,,,,,
,,,,,,,,,,,,,,,,,,,,,,,,,,,,
,,,,,,,,,,,,,,,,,,,,,,,,,,,,
,,,,,,,,,,,,,,,,,,,,,,,,,,,,
,,,,,,,,,,,,,,,,,,,,,,,,,,,,
,,,,,,,,,,,,,,,,,,,,,,,,,,,,
,,,,,,,,,,,,,,,,,,,,,,,,,,,,
,,,,,,,,,,,,,,,,,,,,,,,,,,,,
,,,,,,,,,,,,,,,,,,,,,,,,,,,,
,,,,,,,,,,,,,,,,,,,,,,,,,,,,
,,,,,,,,,,,,,,,,,,,,,,,,,,,,
,,,,,,,,,,,,,,,,,,,,,,,,,,,,
,,,,,,,,,,,,,,,,,,,,,,,,,,,,
,,,,,,,,,,,,,,,,,,,,,,,,,,,,
,,,,,,,,,,,,,,,,,,,,,,,,,,,,
,,,,,,,,,,,,,,,,,,,,,,,,,,,,
,,,,,,,,,,,,,,,,,,,,,,,,,,,,
,,,,,,,,,,,,,,,,,,,,,,,,,,,,
,,,,,,,,,,,,,,,,,,,,,,,,,,,,
,,,,,,,,,,,,,,,,,,,,,,,,,,,,
,,,,,,,,,,,,,,,,,,,,,,,,,,,,
,,,,,,,,,,,,,,,,,,,,,,,,,,,,
,,,,,,,,,,,,,,,,,,,,,,,,,,,,
,,,,,,,,,,,,,,,,,,,,,,,,,,,,
,,,,,,,,,,,,,,,,,,,,,,,,,,,,
,,,,,,,,,,,,,,,,,,,,,,,,,,,,
,,,,,,,,,,,,,,,,,,,,,,,,,,,,
,,,,,,,,,,,,,,,,,,,,,,,,,,,,
,,,,,,,,,,,,,,,,,,,,,,,,,,,,
,,,,,,,,,,,,,,,,,,,,,,,,,,,,
,,,,,,,,,,,,,,,,,,,,,,,,,,,,
,,,,,,,,,,,,,,,,,,,,,,,,,,,,
,,,,,,,,,,,,,,,,,,,,,,,,,,,,
,,,,,,,,,,,,,,,,,,,,,,,,,,,,
,,,,,,,,,,,,,,,,,,,,,,,,,,,,
,,,,,,,,,,,,,,,,,,,,,,,,,,,,
,,,,,,,,,,,,,,,,,,,,,,,,,,,,
,,,,,,,,,,,,,,,,,,,,,,,,,,,,
,,,,,,,,,,,,,,,,,,,,,,,,,,,,
,,,,,,,,,,,,,,,,,,,,,,,,,,,,
,,,,,,,,,,,,,,,,,,,,,,,,,,,,
,,,,,,,,,,,,,,,,,,,,,,,,,,,,
,,,,,,,,,,,,,,,,,,,,,,,,,,,,
,,,,,,,,,,,,,,,,,,,,,,,,,,,,
,,,,,,,,,,,,,,,,,,,,,,,,,,,,
,,,,,,,,,,,,,,,,,,,,,,,,,,,,
,,,,,,,,,,,,,,,,,,,,,,,,,,,,
,,,,,,,,,,,,,,,,,,,,,,,,,,,,
,,,,,,,,,,,,,,,,,,,,,,,,,,,,
,,,,,,,,,,,,,,,,,,,,,,,,,,,,
,,,,,,,,,,,,,,,,,,,,,,,,,,,,
,,,,,,,,,,,,,,,,,,,,,,,,,,,,
,,,,,,,,,,,,,,,,,,,,,,,,,,,,
,,,,,,,,,,,,,,,,,,,,,,,,,,,,
,,,,,,,,,,,,,,,,,,,,,,,,,,,,
,,,,,,,,,,,,,,,,,,,,,,,,,,,,
,,,,,,,,,,,,,,,,,,,,,,,,,,,,
,,,,,,,,,,,,,,,,,,,,,,,,,,,,
,,,,,,,,,,,,,,,,,,,,,,,,,,,,
,,,,,,,,,,,,,,,,,,,,,,,,,,,,
,,,,,,,,,,,,,,,,,,,,,,,,,,,,
,,,,,,,,,,,,,,,,,,,,,,,,,,,,
,,,,,,,,,,,,,,,,,,,,,,,,,,,,
,,,,,,,,,,,,,,,,,,,,,,,,,,,,
,,,,,,,,,,,,,,,,,,,,,,,,,,,,
,,,,,,,,,,,,,,,,,,,,,,,,,,,,
,,,,,,,,,,,,,,,,,,,,,,,,,,,,
,,,,,,,,,,,,,,,,,,,,,,,,,,,,
,,,,,,,,,,,,,,,,,,,,,,,,,,,,
,,,,,,,,,,,,,,,,,,,,,,,,,,,,
,,,,,,,,,,,,,,,,,,,,,,,,,,,,
,,,,,,,,,,,,,,,,,,,,,,,,,,,,
,,,,,,,,,,,,,,,,,,,,,,,,,,,,
,,,,,,,,,,,,,,,,,,,,,,,,,,,,
,,,,,,,,,,,,,,,,,,,,,,,,,,,,
,,,,,,,,,,,,,,,,,,,,,,,,,,,,
,,,,,,,,,,,,,,,,,,,,,,,,,,,,
,,,,,,,,,,,,,,,,,,,,,,,,,,,,
,,,,,,,,,,,,,,,,,,,,,,,,,,,,
,,,,,,,,,,,,,,,,,,,,,,,,,,,,
,,,,,,,,,,,,,,,,,,,,,,,,,,,,
,,,,,,,,,,,,,,,,,,,,,,,,,,,,
,,,,,,,,,,,,,,,,,,,,,,,,,,,,
,,,,,,,,,,,,,,,,,,,,,,,,,,,,
,,,,,,,,,,,,,,,,,,,,,,,,,,,,
,,,,,,,,,,,,,,,,,,,,,,,,,,,,
,,,,,,,,,,,,,,,,,,,,,,,,,,,,
,,,,,,,,,,,,,,,,,,,,,,,,,,,,
,,,,,,,,,,,,,,,,,,,,,,,,,,,,
,,,,,,,,,,,,,,,,,,,,,,,,,,,,
,,,,,,,,,,,,,,,,,,,,,,,,,,,,
,,,,,,,,,,,,,,,,,,,,,,,,,,,,
,,,,,,,,,,,,,,,,,,,,,,,,,,,,
,,,,,,,,,,,,,,,,,,,,,,,,,,,,
,,,,,,,,,,,,,,,,,,,,,,,,,,,,
,,,,,,,,,,,,,,,,,,,,,,,,,,,,
,,,,,,,,,,,,,,,,,,,,,,,,,,,,
,,,,,,,,,,,,,,,,,,,,,,,,,,,,
,,,,,,,,,,,,,,,,,,,,,,,,,,,,
,,,,,,,,,,,,,,,,,,,,,,,,,,,,
,,,,,,,,,,,,,,,,,,,,,,,,,,,,
,,,,,,,,,,,,,,,,,,,,,,,,,,,,
,,,,,,,,,,,,,,,,,,,,,,,,,,,,
,,,,,,,,,,,,,,,,,,,,,,,,,,,,
,,,,,,,,,,,,,,,,,,,,,,,,,,,,
,,,,,,,,,,,,,,,,,,,,,,,,,,,,
,,,,,,,,,,,,,,,,,,,,,,,,,,,,
,,,,,,,,,,,,,,,,,,,,,,,,,,,,
,,,,,,,,,,,,,,,,,,,,,,,,,,,,
,,,,,,,,,,,,,,,,,,,,,,,,,,,,
,,,,,,,,,,,,,,,,,,,,,,,,,,,,
,,,,,,,,,,,,,,,,,,,,,,,,,,,,
,,,,,,,,,,,,,,,,,,,,,,,,,,,,
,,,,,,,,,,,,,,,,,,,,,,,,,,,,
,,,,,,,,,,,,,,,,,,,,,,,,,,,,
,,,,,,,,,,,,,,,,,,,,,,,,,,,,
,,,,,,,,,,,,,,,,,,,,,,,,,,,,
,,,,,,,,,,,,,,,,,,,,,,,,,,,,
,,,,,,,,,,,,,,,,,,,,,,,,,,,,
,,,,,,,,,,,,,,,,,,,,,,,,,,,,
,,,,,,,,,,,,,,,,,,,,,,,,,,,,
,,,,,,,,,,,,,,,,,,,,,,,,,,,,
,,,,,,,,,,,,,,,,,,,,,,,,,,,,
,,,,,,,,,,,,,,,,,,,,,,,,,,,,
,,,,,,,,,,,,,,,,,,,,,,,,,,,,
,,,,,,,,,,,,,,,,,,,,,,,,,,,,
,,,,,,,,,,,,,,,,,,,,,,,,,,,,
,,,,,,,,,,,,,,,,,,,,,,,,,,,,
,,,,,,,,,,,,,,,,,,,,,,,,,,,,
,,,,,,,,,,,,,,,,,,,,,,,,,,,,
,,,,,,,,,,,,,,,,,,,,,,,,,,,,
,,,,,,,,,,,,,,,,,,,,,,,,,,,,
,,,,,,,,,,,,,,,,,,,,,,,,,,,,
,,,,,,,,,,,,,,,,,,,,,,,,,,,,
,,,,,,,,,,,,,,,,,,,,,,,,,,,,
,,,,,,,,,,,,,,,,,,,,,,,,,,,,
,,,,,,,,,,,,,,,,,,,,,,,,,,,,
,,,,,,,,,,,,,,,,,,,,,,,,,,,,
,,,,,,,,,,,,,,,,,,,,,,,,,,,,
,,,,,,,,,,,,,,,,,,,,,,,,,,,,
,,,,,,,,,,,,,,,,,,,,,,,,,,,,
,,,,,,,,,,,,,,,,,,,,,,,,,,,,
,,,,,,,,,,,,,,,,,,,,,,,,,,,,
,,,,,,,,,,,,,,,,,,,,,,,,,,,,
,,,,,,,,,,,,,,,,,,,,,,,,,,,,
,,,,,,,,,,,,,,,,,,,,,,,,,,,,
,,,,,,,,,,,,,,,,,,,,,,,,,,,,
,,,,,,,,,,,,,,,,,,,,,,,,,,,,
,,,,,,,,,,,,,,,,,,,,,,,,,,,,
,,,,,,,,,,,,,,,,,,,,,,,,,,,,
,,,,,,,,,,,,,,,,,,,,,,,,,,,,
,,,,,,,,,,,,,,,,,,,,,,,,,,,,
,,,,,,,,,,,,,,,,,,,,,,,,,,,,
,,,,,,,,,,,,,,,,,,,,,,,,,,,,
,,,,,,,,,,,,,,,,,,,,,,,,,,,,
,,,,,,,,,,,,,,,,,,,,,,,,,,,,
,,,,,,,,,,,,,,,,,,,,,,,,,,,,
,,,,,,,,,,,,,,,,,,,,,,,,,,,,
,,,,,,,,,,,,,,,,,,,,,,,,,,,,
,,,,,,,,,,,,,,,,,,,,,,,,,,,,
,,,,,,,,,,,,,,,,,,,,,,,,,,,,
,,,,,,,,,,,,,,,,,,,,,,,,,,,,
,,,,,,,,,,,,,,,,,,,,,,,,,,,,
,,,,,,,,,,,,,,,,,,,,,,,,,,,,
,,,,,,,,,,,,,,,,,,,,,,,,,,,,
,,,,,,,,,,,,,,,,,,,,,,,,,,,,
,,,,,,,,,,,,,,,,,,,,,,,,,,,,
,,,,,,,,,,,,,,,,,,,,,,,,,,,,
,,,,,,,,,,,,,,,,,,,,,,,,,,,,
,,,,,,,,,,,,,,,,,,,,,,,,,,,,
,,,,,,,,,,,,,,,,,,,,,,,,,,,,
,,,,,,,,,,,,,,,,,,,,,,,,,,,,
,,,,,,,,,,,,,,,,,,,,,,,,,,,,
,,,,,,,,,,,,,,,,,,,,,,,,,,,,
,,,,,,,,,,,,,,,,,,,,,,,,,,,,
,,,,,,,,,,,,,,,,,,,,,,,,,,,,
,,,,,,,,,,,,,,,,,,,,,,,,,,,,
,,,,,,,,,,,,,,,,,,,,,,,,,,,,
,,,,,,,,,,,,,,,,,,,,,,,,,,,,
,,,,,,,,,,,,,,,,,,,,,,,,,,,,
,,,,,,,,,,,,,,,,,,,,,,,,,,,,
,,,,,,,,,,,,,,,,,,,,,,,,,,,,
,,,,,,,,,,,,,,,,,,,,,,,,,,,,
,,,,,,,,,,,,,,,,,,,,,,,,,,,,
,,,,,,,,,,,,,,,,,,,,,,,,,,,,
,,,,,,,,,,,,,,,,,,,,,,,,,,,,
,,,,,,,,,,,,,,,,,,,,,,,,,,,,
,,,,,,,,,,,,,,,,,,,,,,,,,,,,
,,,,,,,,,,,,,,,,,,,,,,,,,,,,
,,,,,,,,,,,,,,,,,,,,,,,,,,,,
,,,,,,,,,,,,,,,,,,,,,,,,,,,,
,,,,,,,,,,,,,,,,,,,,,,,,,,,,
,,,,,,,,,,,,,,,,,,,,,,,,,,,,
,,,,,,,,,,,,,,,,,,,,,,,,,,,,
,,,,,,,,,,,,,,,,,,,,,,,,,,,,
,,,,,,,,,,,,,,,,,,,,,,,,,,,,
,,,,,,,,,,,,,,,,,,,,,,,,,,,,
,,,,,,,,,,,,,,,,,,,,,,,,,,,,
,,,,,,,,,,,,,,,,,,,,,,,,,,,,
,,,,,,,,,,,,,,,,,,,,,,,,,,,,
,,,,,,,,,,,,,,,,,,,,,,,,,,,,
,,,,,,,,,,,,,,,,,,,,,,,,,,,,
,,,,,,,,,,,,,,,,,,,,,,,,,,,,
,,,,,,,,,,,,,,,,,,,,,,,,,,,,
,,,,,,,,,,,,,,,,,,,,,,,,,,,,
,,,,,,,,,,,,,,,,,,,,,,,,,,,,
,,,,,,,,,,,,,,,,,,,,,,,,,,,,
,,,,,,,,,,,,,,,,,,,,,,,,,,,,
,,,,,,,,,,,,,,,,,,,,,,,,,,,,
,,,,,,,,,,,,,,,,,,,,,,,,,,,,
,,,,,,,,,,,,,,,,,,,,,,,,,,,,
,,,,,,,,,,,,,,,,,,,,,,,,,,,,
,,,,,,,,,,,,,,,,,,,,,,,,,,,,
,,,,,,,,,,,,,,,,,,,,,,,,,,,,
,,,,,,,,,,,,,,,,,,,,,,,,,,,,
,,,,,,,,,,,,,,,,,,,,,,,,,,,,
,,,,,,,,,,,,,,,,,,,,,,,,,,,,
,,,,,,,,,,,,,,,,,,,,,,,,,,,,
,,,,,,,,,,,,,,,,,,,,,,,,,,,,
,,,,,,,,,,,,,,,,,,,,,,,,,,,,
,,,,,,,,,,,,,,,,,,,,,,,,,,,,
,,,,,,,,,,,,,,,,,,,,,,,,,,,,
,,,,,,,,,,,,,,,,,,,,,,,,,,,,
,,,,,,,,,,,,,,,,,,,,,,,,,,,,
,,,,,,,,,,,,,,,,,,,,,,,,,,,,
,,,,,,,,,,,,,,,,,,,,,,,,,,,,
,,,,,,,,,,,,,,,,,,,,,,,,,,,,
,,,,,,,,,,,,,,,,,,,,,,,,,,,,
,,,,,,,,,,,,,,,,,,,,,,,,,,,,
,,,,,,,,,,,,,,,,,,,,,,,,,,,,
,,,,,,,,,,,,,,,,,,,,,,,,,,,,
,,,,,,,,,,,,,,,,,,,,,,,,,,,,
,,,,,,,,,,,,,,,,,,,,,,,,,,,,
,,,,,,,,,,,,,,,,,,,,,,,,,,,,
,,,,,,,,,,,,,,,,,,,,,,,,,,,,
,,,,,,,,,,,,,,,,,,,,,,,,,,,,
,,,,,,,,,,,,,,,,,,,,,,,,,,,,
,,,,,,,,,,,,,,,,,,,,,,,,,,,,
,,,,,,,,,,,,,,,,,,,,,,,,,,,,
,,,,,,,,,,,,,,,,,,,,,,,,,,,,
,,,,,,,,,,,,,,,,,,,,,,,,,,,,
,,,,,,,,,,,,,,,,,,,,,,,,,,,,
,,,,,,,,,,,,,,,,,,,,,,,,,,,,
,,,,,,,,,,,,,,,,,,,,,,,,,,,,
,,,,,,,,,,,,,,,,,,,,,,,,,,,,
,,,,,,,,,,,,,,,,,,,,,,,,,,,,
,,,,,,,,,,,,,,,,,,,,,,,,,,,,
,,,,,,,,,,,,,,,,,,,,,,,,,,,,
,,,,,,,,,,,,,,,,,,,,,,,,,,,,
,,,,,,,,,,,,,,,,,,,,,,,,,,,,
,,,,,,,,,,,,,,,,,,,,,,,,,,,,
,,,,,,,,,,,,,,,,,,,,,,,,,,,,
,,,,,,,,,,,,,,,,,,,,,,,,,,,,
,,,,,,,,,,,,,,,,,,,,,,,,,,,,
,,,,,,,,,,,,,,,,,,,,,,,,,,,,
,,,,,,,,,,,,,,,,,,,,,,,,,,,,
,,,,,,,,,,,,,,,,,,,,,,,,,,,,
,,,,,,,,,,,,,,,,,,,,,,,,,,,,
,,,,,,,,,,,,,,,,,,,,,,,,,,,,
,,,,,,,,,,,,,,,,,,,,,,,,,,,,
,,,,,,,,,,,,,,,,,,,,,,,,,,,,
,,,,,,,,,,,,,,,,,,,,,,,,,,,,
,,,,,,,,,,,,,,,,,,,,,,,,,,,,
,,,,,,,,,,,,,,,,,,,,,,,,,,,,
,,,,,,,,,,,,,,,,,,,,,,,,,,,,
,,,,,,,,,,,,,,,,,,,,,,,,,,,,
,,,,,,,,,,,,,,,,,,,,,,,,,,,,
,,,,,,,,,,,,,,,,,,,,,,,,,,,,
,,,,,,,,,,,,,,,,,,,,,,,,,,,,
,,,,,,,,,,,,,,,,,,,,,,,,,,,,
,,,,,,,,,,,,,,,,,,,,,,,,,,,,
,,,,,,,,,,,,,,,,,,,,,,,,,,,,
,,,,,,,,,,,,,,,,,,,,,,,,,,,,
,,,,,,,,,,,,,,,,,,,,,,,,,,,,
,,,,,,,,,,,,,,,,,,,,,,,,,,,,
,,,,,,,,,,,,,,,,,,,,,,,,,,,,
,,,,,,,,,,,,,,,,,,,,,,,,,,,,
,,,,,,,,,,,,,,,,,,,,,,,,,,,,
,,,,,,,,,,,,,,,,,,,,,,,,,,,,
,,,,,,,,,,,,,,,,,,,,,,,,,,,,
,,,,,,,,,,,,,,,,,,,,,,,,,,,,
,,,,,,,,,,,,,,,,,,,,,,,,,,,,
,,,,,,,,,,,,,,,,,,,,,,,,,,,,
,,,,,,,,,,,,,,,,,,,,,,,,,,,,
,,,,,,,,,,,,,,,,,,,,,,,,,,,,
,,,,,,,,,,,,,,,,,,,,,,,,,,,,
,,,,,,,,,,,,,,,,,,,,,,,,,,,,
,,,,,,,,,,,,,,,,,,,,,,,,,,,,
,,,,,,,,,,,,,,,,,,,,,,,,,,,,
,,,,,,,,,,,,,,,,,,,,,,,,,,,,
,,,,,,,,,,,,,,,,,,,,,,,,,,,,
,,,,,,,,,,,,,,,,,,,,,,,,,,,,
,,,,,,,,,,,,,,,,,,,,,,,,,,,,
,,,,,,,,,,,,,,,,,,,,,,,,,,,,
,,,,,,,,,,,,,,,,,,,,,,,,,,,,
,,,,,,,,,,,,,,,,,,,,,,,,,,,,
,,,,,,,,,,,,,,,,,,,,,,,,,,,,
,,,,,,,,,,,,,,,,,,,,,,,,,,,,
,,,,,,,,,,,,,,,,,,,,,,,,,,,,
,,,,,,,,,,,,,,,,,,,,,,,,,,,,
,,,,,,,,,,,,,,,,,,,,,,,,,,,,
,,,,,,,,,,,,,,,,,,,,,,,,,,,,
,,,,,,,,,,,,,,,,,,,,,,,,,,,,
,,,,,,,,,,,,,,,,,,,,,,,,,,,,
,,,,,,,,,,,,,,,,,,,,,,,,,,,,
,,,,,,,,,,,,,,,,,,,,,,,,,,,,
,,,,,,,,,,,,,,,,,,,,,,,,,,,,
,,,,,,,,,,,,,,,,,,,,,,,,,,,,
,,,,,,,,,,,,,,,,,,,,,,,,,,,,
,,,,,,,,,,,,,,,,,,,,,,,,,,,,
,,,,,,,,,,,,,,,,,,,,,,,,,,,,
,,,,,,,,,,,,,,,,,,,,,,,,,,,,
,,,,,,,,,,,,,,,,,,,,,,,,,,,,
,,,,,,,,,,,,,,,,,,,,,,,,,,,,
,,,,,,,,,,,,,,,,,,,,,,,,,,,,
,,,,,,,,,,,,,,,,,,,,,,,,,,,,
,,,,,,,,,,,,,,,,,,,,,,,,,,,,
,,,,,,,,,,,,,,,,,,,,,,,,,,,,
,,,,,,,,,,,,,,,,,,,,,,,,,,,,
,,,,,,,,,,,,,,,,,,,,,,,,,,,,
,,,,,,,,,,,,,,,,,,,,,,,,,,,,
,,,,,,,,,,,,,,,,,,,,,,,,,,,,
,,,,,,,,,,,,,,,,,,,,,,,,,,,,
,,,,,,,,,,,,,,,,,,,,,,,,,,,,
,,,,,,,,,,,,,,,,,,,,,,,,,,,,
,,,,,,,,,,,,,,,,,,,,,,,,,,,,
,,,,,,,,,,,,,,,,,,,,,,,,,,,,
,,,,,,,,,,,,,,,,,,,,,,,,,,,,
,,,,,,,,,,,,,,,,,,,,,,,,,,,,
,,,,,,,,,,,,,,,,,,,,,,,,,,,,
,,,,,,,,,,,,,,,,,,,,,,,,,,,,
,,,,,,,,,,,,,,,,,,,,,,,,,,,,
,,,,,,,,,,,,,,,,,,,,,,,,,,,,
,,,,,,,,,,,,,,,,,,,,,,,,,,,,
,,,,,,,,,,,,,,,,,,,,,,,,,,,,
,,,,,,,,,,,,,,,,,,,,,,,,,,,,
,,,,,,,,,,,,,,,,,,,,,,,,,,,,
,,,,,,,,,,,,,,,,,,,,,,,,,,,,
,,,,,,,,,,,,,,,,,,,,,,,,,,,,
,,,,,,,,,,,,,,,,,,,,,,,,,,,,
,,,,,,,,,,,,,,,,,,,,,,,,,,,,
,,,,,,,,,,,,,,,,,,,,,,,,,,,,
,,,,,,,,,,,,,,,,,,,,,,,,,,,,
,,,,,,,,,,,,,,,,,,,,,,,,,,,,
,,,,,,,,,,,,,,,,,,,,,,,,,,,,
,,,,,,,,,,,,,,,,,,,,,,,,,,,,
,,,,,,,,,,,,,,,,,,,,,,,,,,,,
,,,,,,,,,,,,,,,,,,,,,,,,,,,,
,,,,,,,,,,,,,,,,,,,,,,,,,,,,
,,,,,,,,,,,,,,,,,,,,,,,,,,,,
,,,,,,,,,,,,,,,,,,,,,,,,,,,,
,,,,,,,,,,,,,,,,,,,,,,,,,,,,
,,,,,,,,,,,,,,,,,,,,,,,,,,,,
,,,,,,,,,,,,,,,,,,,,,,,,,,,,
,,,,,,,,,,,,,,,,,,,,,,,,,,,,
,,,,,,,,,,,,,,,,,,,,,,,,,,,,
,,,,,,,,,,,,,,,,,,,,,,,,,,,,
,,,,,,,,,,,,,,,,,,,,,,,,,,,,
,,,,,,,,,,,,,,,,,,,,,,,,,,,,
,,,,,,,,,,,,,,,,,,,,,,,,,,,,
,,,,,,,,,,,,,,,,,,,,,,,,,,,,
,,,,,,,,,,,,,,,,,,,,,,,,,,,,
,,,,,,,,,,,,,,,,,,,,,,,,,,,,
,,,,,,,,,,,,,,,,,,,,,,,,,,,,
,,,,,,,,,,,,,,,,,,,,,,,,,,,,
,,,,,,,,,,,,,,,,,,,,,,,,,,,,
,,,,,,,,,,,,,,,,,,,,,,,,,,,,
,,,,,,,,,,,,,,,,,,,,,,,,,,,,
,,,,,,,,,,,,,,,,,,,,,,,,,,,,
,,,,,,,,,,,,,,,,,,,,,,,,,,,,
,,,,,,,,,,,,,,,,,,,,,,,,,,,,
,,,,,,,,,,,,,,,,,,,,,,,,,,,,
,,,,,,,,,,,,,,,,,,,,,,,,,,,,
,,,,,,,,,,,,,,,,,,,,,,,,,,,,
,,,,,,,,,,,,,,,,,,,,,,,,,,,,
,,,,,,,,,,,,,,,,,,,,,,,,,,,,
,,,,,,,,,,,,,,,,,,,,,,,,,,,,
,,,,,,,,,,,,,,,,,,,,,,,,,,,,
,,,,,,,,,,,,,,,,,,,,,,,,,,,,
,,,,,,,,,,,,,,,,,,,,,,,,,,,,
,,,,,,,,,,,,,,,,,,,,,,,,,,,,
,,,,,,,,,,,,,,,,,,,,,,,,,,,,
,,,,,,,,,,,,,,,,,,,,,,,,,,,,
,,,,,,,,,,,,,,,,,,,,,,,,,,,,
,,,,,,,,,,,,,,,,,,,,,,,,,,,,
,,,,,,,,,,,,,,,,,,,,,,,,,,,,
,,,,,,,,,,,,,,,,,,,,,,,,,,,,
,,,,,,,,,,,,,,,,,,,,,,,,,,,,
,,,,,,,,,,,,,,,,,,,,,,,,,,,,
,,,,,,,,,,,,,,,,,,,,,,,,,,,,
,,,,,,,,,,,,,,,,,,,,,,,,,,,,
,,,,,,,,,,,,,,,,,,,,,,,,,,,,
,,,,,,,,,,,,,,,,,,,,,,,,,,,,
,,,,,,,,,,,,,,,,,,,,,,,,,,,,
,,,,,,,,,,,,,,,,,,,,,,,,,,,,
,,,,,,,,,,,,,,,,,,,,,,,,,,,,
,,,,,,,,,,,,,,,,,,,,,,,,,,,,
,,,,,,,,,,,,,,,,,,,,,,,,,,,,
,,,,,,,,,,,,,,,,,,,,,,,,,,,,
,,,,,,,,,,,,,,,,,,,,,,,,,,,,
,,,,,,,,,,,,,,,,,,,,,,,,,,,,
,,,,,,,,,,,,,,,,,,,,,,,,,,,,
,,,,,,,,,,,,,,,,,,,,,,,,,,,,
,,,,,,,,,,,,,,,,,,,,,,,,,,,,
,,,,,,,,,,,,,,,,,,,,,,,,,,,,
,,,,,,,,,,,,,,,,,,,,,,,,,,,,
,,,,,,,,,,,,,,,,,,,,,,,,,,,,
,,,,,,,,,,,,,,,,,,,,,,,,,,,,
,,,,,,,,,,,,,,,,,,,,,,,,,,,,
,,,,,,,,,,,,,,,,,,,,,,,,,,,,
,,,,,,,,,,,,,,,,,,,,,,,,,,,,
,,,,,,,,,,,,,,,,,,,,,,,,,,,,
,,,,,,,,,,,,,,,,,,,,,,,,,,,,
,,,,,,,,,,,,,,,,,,,,,,,,,,,,
,,,,,,,,,,,,,,,,,,,,,,,,,,,,
,,,,,,,,,,,,,,,,,,,,,,,,,,,,
,,,,,,,,,,,,,,,,,,,,,,,,,,,,
,,,,,,,,,,,,,,,,,,,,,,,,,,,,
,,,,,,,,,,,,,,,,,,,,,,,,,,,,
,,,,,,,,,,,,,,,,,,,,,,,,,,,,
,,,,,,,,,,,,,,,,,,,,,,,,,,,,
,,,,,,,,,,,,,,,,,,,,,,,,,,,,
,,,,,,,,,,,,,,,,,,,,,,,,,,,,
,,,,,,,,,,,,,,,,,,,,,,,,,,,,
,,,,,,,,,,,,,,,,,,,,,,,,,,,,
,,,,,,,,,,,,,,,,,,,,,,,,,,,,
,,,,,,,,,,,,,,,,,,,,,,,,,,,,
,,,,,,,,,,,,,,,,,,,,,,,,,,,,
,,,,,,,,,,,,,,,,,,,,,,,,,,,,
,,,,,,,,,,,,,,,,,,,,,,,,,,,,
,,,,,,,,,,,,,,,,,,,,,,,,,,,,
,,,,,,,,,,,,,,,,,,,,,,,,,,,,
,,,,,,,,,,,,,,,,,,,,,,,,,,,,
,,,,,,,,,,,,,,,,,,,,,,,,,,,,
,,,,,,,,,,,,,,,,,,,,,,,,,,,,
,,,,,,,,,,,,,,,,,,,,,,,,,,,,
,,,,,,,,,,,,,,,,,,,,,,,,,,,,
,,,,,,,,,,,,,,,,,,,,,,,,,,,,
,,,,,,,,,,,,,,,,,,,,,,,,,,,,
,,,,,,,,,,,,,,,,,,,,,,,,,,,,
,,,,,,,,,,,,,,,,,,,,,,,,,,,,
,,,,,,,,,,,,,,,,,,,,,,,,,,,,
,,,,,,,,,,,,,,,,,,,,,,,,,,,,
,,,,,,,,,,,,,,,,,,,,,,,,,,,,
,,,,,,,,,,,,,,,,,,,,,,,,,,,,
,,,,,,,,,,,,,,,,,,,,,,,,,,,,
,,,,,,,,,,,,,,,,,,,,,,,,,,,,
,,,,,,,,,,,,,,,,,,,,,,,,,,,,
,,,,,,,,,,,,,,,,,,,,,,,,,,,,
,,,,,,,,,,,,,,,,,,,,,,,,,,,,
,,,,,,,,,,,,,,,,,,,,,,,,,,,,
,,,,,,,,,,,,,,,,,,,,,,,,,,,,
,,,,,,,,,,,,,,,,,,,,,,,,,,,,
,,,,,,,,,,,,,,,,,,,,,,,,,,,,
,,,,,,,,,,,,,,,,,,,,,,,,,,,,
,,,,,,,,,,,,,,,,,,,,,,,,,,,,
,,,,,,,,,,,,,,,,,,,,,,,,,,,,
,,,,,,,,,,,,,,,,,,,,,,,,,,,,
,,,,,,,,,,,,,,,,,,,,,,,,,,,,
,,,,,,,,,,,,,,,,,,,,,,,,,,,,
,,,,,,,,,,,,,,,,,,,,,,,,,,,,
,,,,,,,,,,,,,,,,,,,,,,,,,,,,
,,,,,,,,,,,,,,,,,,,,,,,,,,,,
,,,,,,,,,,,,,,,,,,,,,,,,,,,,
,,,,,,,,,,,,,,,,,,,,,,,,,,,,
,,,,,,,,,,,,,,,,,,,,,,,,,,,,
,,,,,,,,,,,,,,,,,,,,,,,,,,,,
,,,,,,,,,,,,,,,,,,,,,,,,,,,,
,,,,,,,,,,,,,,,,,,,,,,,,,,,,
,,,,,,,,,,,,,,,,,,,,,,,,,,,,
,,,,,,,,,,,,,,,,,,,,,,,,,,,,
,,,,,,,,,,,,,,,,,,,,,,,,,,,,
,,,,,,,,,,,,,,,,,,,,,,,,,,,,
,,,,,,,,,,,,,,,,,,,,,,,,,,,,
,,,,,,,,,,,,,,,,,,,,,,,,,,,,
,,,,,,,,,,,,,,,,,,,,,,,,,,,,
,,,,,,,,,,,,,,,,,,,,,,,,,,,,
,,,,,,,,,,,,,,,,,,,,,,,,,,,,
,,,,,,,,,,,,,,,,,,,,,,,,,,,,
,,,,,,,,,,,,,,,,,,,,,,,,,,,,
,,,,,,,,,,,,,,,,,,,,,,,,,,,,
,,,,,,,,,,,,,,,,,,,,,,,,,,,,
,,,,,,,,,,,,,,,,,,,,,,,,,,,,
,,,,,,,,,,,,,,,,,,,,,,,,,,,,
,,,,,,,,,,,,,,,,,,,,,,,,,,,,
,,,,,,,,,,,,,,,,,,,,,,,,,,,,
,,,,,,,,,,,,,,,,,,,,,,,,,,,,
,,,,,,,,,,,,,,,,,,,,,,,,,,,,
,,,,,,,,,,,,,,,,,,,,,,,,,,,,
,,,,,,,,,,,,,,,,,,,,,,,,,,,,
,,,,,,,,,,,,,,,,,,,,,,,,,,,,
,,,,,,,,,,,,,,,,,,,,,,,,,,,,
,,,,,,,,,,,,,,,,,,,,,,,,,,,,
,,,,,,,,,,,,,,,,,,,,,,,,,,,,
,,,,,,,,,,,,,,,,,,,,,,,,,,,,
,,,,,,,,,,,,,,,,,,,,,,,,,,,,
,,,,,,,,,,,,,,,,,,,,,,,,,,,,
,,,,,,,,,,,,,,,,,,,,,,,,,,,,
,,,,,,,,,,,,,,,,,,,,,,,,,,,,
,,,,,,,,,,,,,,,,,,,,,,,,,,,,
,,,,,,,,,,,,,,,,,,,,,,,,,,,,
,,,,,,,,,,,,,,,,,,,,,,,,,,,,
,,,,,,,,,,,,,,,,,,,,,,,,,,,,
,,,,,,,,,,,,,,,,,,,,,,,,,,,,
,,,,,,,,,,,,,,,,,,,,,,,,,,,,
,,,,,,,,,,,,,,,,,,,,,,,,,,,,
,,,,,,,,,,,,,,,,,,,,,,,,,,,,
,,,,,,,,,,,,,,,,,,,,,,,,,,,,
,,,,,,,,,,,,,,,,,,,,,,,,,,,,
,,,,,,,,,,,,,,,,,,,,,,,,,,,,
,,,,,,,,,,,,,,,,,,,,,,,,,,,,
,,,,,,,,,,,,,,,,,,,,,,,,,,,,
,,,,,,,,,,,,,,,,,,,,,,,,,,,,
,,,,,,,,,,,,,,,,,,,,,,,,,,,,
,,,,,,,,,,,,,,,,,,,,,,,,,,,,
,,,,,,,,,,,,,,,,,,,,,,,,,,,,
,,,,,,,,,,,,,,,,,,,,,,,,,,,,
,,,,,,,,,,,,,,,,,,,,,,,,,,,,
,,,,,,,,,,,,,,,,,,,,,,,,,,,,
,,,,,,,,,,,,,,,,,,,,,,,,,,,,
,,,,,,,,,,,,,,,,,,,,,,,,,,,,
,,,,,,,,,,,,,,,,,,,,,,,,,,,,
,,,,,,,,,,,,,,,,,,,,,,,,,,,,
,,,,,,,,,,,,,,,,,,,,,,,,,,,,
,,,,,,,,,,,,,,,,,,,,,,,,,,,,
,,,,,,,,,,,,,,,,,,,,,,,,,,,,
,,,,,,,,,,,,,,,,,,,,,,,,,,,,
,,,,,,,,,,,,,,,,,,,,,,,,,,,,
,,,,,,,,,,,,,,,,,,,,,,,,,,,,
,,,,,,,,,,,,,,,,,,,,,,,,,,,,
,,,,,,,,,,,,,,,,,,,,,,,,,,,,
,,,,,,,,,,,,,,,,,,,,,,,,,,,,
,,,,,,,,,,,,,,,,,,,,,,,,,,,,
,,,,,,,,,,,,,,,,,,,,,,,,,,,,
,,,,,,,,,,,,,,,,,,,,,,,,,,,,
,,,,,,,,,,,,,,,,,,,,,,,,,,,,
,,,,,,,,,,,,,,,,,,,,,,,,,,,,
,,,,,,,,,,,,,,,,,,,,,,,,,,,,
,,,,,,,,,,,,,,,,,,,,,,,,,,,,
,,,,,,,,,,,,,,,,,,,,,,,,,,,,
,,,,,,,,,,,,,,,,,,,,,,,,,,,,
,,,,,,,,,,,,,,,,,,,,,,,,,,,,
,,,,,,,,,,,,,,,,,,,,,,,,,,,,
,,,,,,,,,,,,,,,,,,,,,,,,,,,,
,,,,,,,,,,,,,,,,,,,,,,,,,,,,
,,,,,,,,,,,,,,,,,,,,,,,,,,,,
,,,,,,,,,,,,,,,,,,,,,,,,,,,,
,,,,,,,,,,,,,,,,,,,,,,,,,,,,
,,,,,,,,,,,,,,,,,,,,,,,,,,,,
,,,,,,,,,,,,,,,,,,,,,,,,,,,,
,,,,,,,,,,,,,,,,,,,,,,,,,,,,
,,,,,,,,,,,,,,,,,,,,,,,,,,,,
,,,,,,,,,,,,,,,,,,,,,,,,,,,,
,,,,,,,,,,,,,,,,,,,,,,,,,,,,
,,,,,,,,,,,,,,,,,,,,,,,,,,,,
,,,,,,,,,,,,,,,,,,,,,,,,,,,,
,,,,,,,,,,,,,,,,,,,,,,,,,,,,
,,,,,,,,,,,,,,,,,,,,,,,,,,,,
,,,,,,,,,,,,,,,,,,,,,,,,,,,,
,,,,,,,,,,,,,,,,,,,,,,,,,,,,
,,,,,,,,,,,,,,,,,,,,,,,,,,,,
,,,,,,,,,,,,,,,,,,,,,,,,,,,,
,,,,,,,,,,,,,,,,,,,,,,,,,,,,
,,,,,,,,,,,,,,,,,,,,,,,,,,,,
,,,,,,,,,,,,,,,,,,,,,,,,,,,,
,,,,,,,,,,,,,,,,,,,,,,,,,,,,
,,,,,,,,,,,,,,,,,,,,,,,,,,,,
,,,,,,,,,,,,,,,,,,,,,,,,,,,,
,,,,,,,,,,,,,,,,,,,,,,,,,,,,
,,,,,,,,,,,,,,,,,,,,,,,,,,,,
,,,,,,,,,,,,,,,,,,,,,,,,,,,,
,,,,,,,,,,,,,,,,,,,,,,,,,,,,
,,,,,,,,,,,,,,,,,,,,,,,,,,,,
,,,,,,,,,,,,,,,,,,,,,,,,,,,,
,,,,,,,,,,,,,,,,,,,,,,,,,,,,
,,,,,,,,,,,,,,,,,,,,,,,,,,,,
,,,,,,,,,,,,,,,,,,,,,,,,,,,,
,,,,,,,,,,,,,,,,,,,,,,,,,,,,
,,,,,,,,,,,,,,,,,,,,,,,,,,,,
,,,,,,,,,,,,,,,,,,,,,,,,,,,,
,,,,,,,,,,,,,,,,,,,,,,,,,,,,
,,,,,,,,,,,,,,,,,,,,,,,,,,,,
,,,,,,,,,,,,,,,,,,,,,,,,,,,,
,,,,,,,,,,,,,,,,,,,,,,,,,,,,
,,,,,,,,,,,,,,,,,,,,,,,,,,,,
,,,,,,,,,,,,,,,,,,,,,,,,,,,,
,,,,,,,,,,,,,,,,,,,,,,,,,,,,
,,,,,,,,,,,,,,,,,,,,,,,,,,,,
,,,,,,,,,,,,,,,,,,,,,,,,,,,,
,,,,,,,,,,,,,,,,,,,,,,,,,,,,
,,,,,,,,,,,,,,,,,,,,,,,,,,,,
,,,,,,,,,,,,,,,,,,,,,,,,,,,,
,,,,,,,,,,,,,,,,,,,,,,,,,,,,
,,,,,,,,,,,,,,,,,,,,,,,,,,,,
,,,,,,,,,,,,,,,,,,,,,,,,,,,,
,,,,,,,,,,,,,,,,,,,,,,,,,,,,
,,,,,,,,,,,,,,,,,,,,,,,,,,,,
,,,,,,,,,,,,,,,,,,,,,,,,,,,,
,,,,,,,,,,,,,,,,,,,,,,,,,,,,
,,,,,,,,,,,,,,,,,,,,,,,,,,,,
,,,,,,,,,,,,,,,,,,,,,,,,,,,,
,,,,,,,,,,,,,,,,,,,,,,,,,,,,
,,,,,,,,,,,,,,,,,,,,,,,,,,,,
,,,,,,,,,,,,,,,,,,,,,,,,,,,,
,,,,,,,,,,,,,,,,,,,,,,,,,,,,
,,,,,,,,,,,,,,,,,,,,,,,,,,,,
,,,,,,,,,,,,,,,,,,,,,,,,,,,,
,,,,,,,,,,,,,,,,,,,,,,,,,,,,
,,,,,,,,,,,,,,,,,,,,,,,,,,,,
,,,,,,,,,,,,,,,,,,,,,,,,,,,,
,,,,,,,,,,,,,,,,,,,,,,,,,,,,
,,,,,,,,,,,,,,,,,,,,,,,,,,,,
,,,,,,,,,,,,,,,,,,,,,,,,,,,,
,,,,,,,,,,,,,,,,,,,,,,,,,,,,
,,,,,,,,,,,,,,,,,,,,,,,,,,,,
,,,,,,,,,,,,,,,,,,,,,,,,,,,,
,,,,,,,,,,,,,,,,,,,,,,,,,,,,
,,,,,,,,,,,,,,,,,,,,,,,,,,,,
